koty;dzien;osoby;nr_zdjecia;komentarze;artyzm;miejsce;odbicia;ostrosc;ocena;kolor
2;8;7;1;42;6;1;0;3;5;1
4;20;5;2;26;4;0;1;2;3;4
4;18;2;3;30;4;0;1;4;5;3
2;18;1;4;30;4;0;0;5;1;4
4;21;7;5;49;6;1;0;1;5;1
3;20;4;6;26;4;0;0;5;4;4
4;29;4;7;23;4;0;0;5;4;4
3;16;2;8;24;4;0;0;4;5;3
5;16;4;9;15;2;1;1;4;5;4
3;15;1;10;31;4;1;0;4;4;4
3;27;2;11;19;3;0;0;6;1;4
3;21;7;12;33;5;1;0;5;5;3
3;16;3;13;23;4;1;0;3;3;4
3;17;0;14;22;4;1;0;3;1;4
1;8;4;15;36;5;1;0;3;5;3
4;11;3;16;27;4;1;0;2;4;4
2;13;6;17;34;5;1;0;2;5;3
4;22;5;18;33;5;1;0;5;5;3
3;12;1;19;15;2;1;0;6;5;4
4;18;3;20;18;3;1;1;5;4;4
2;20;5;21;28;4;1;1;3;2;4
4;19;1;22;17;3;0;1;4;3;4
1;18;5;23;26;4;0;0;6;2;4
4;21;1;24;24;4;0;1;4;2;3
2;16;5;25;35;5;1;0;6;3;3
3;22;5;26;16;3;1;1;5;1;3
3;20;3;27;27;4;0;1;5;1;3
4;18;6;28;26;4;1;0;5;5;4
2;17;4;29;38;5;1;0;5;3;4
4;4;0;30;32;4;1;0;2;5;4
3;18;4;31;27;4;1;0;4;3;3
2;11;4;32;34;5;0;0;5;3;3
3;19;3;33;11;2;1;1;6;3;4
3;12;3;34;22;4;1;0;4;5;3
3;19;0;35;22;4;0;1;5;4;4
1;14;3;36;29;4;0;0;4;2;2
3;13;2;37;25;4;0;1;3;3;3
4;16;0;38;19;3;0;1;3;1;3
3;17;2;39;18;3;0;1;3;3;3
3;14;4;40;27;4;1;1;1;5;1
4;21;3;41;21;4;0;1;3;4;4
3;19;2;42;23;4;0;0;5;4;2
0;19;4;43;40;5;0;0;6;1;1
3;14;6;44;26;4;1;0;5;6;3
3;19;3;45;25;4;0;0;4;5;3
4;22;0;46;19;3;1;0;6;2;4
4;14;0;47;18;3;0;1;4;4;4
4;11;0;48;24;4;1;1;2;5;3
4;17;2;49;16;3;1;0;4;5;4
2;13;3;50;29;4;1;0;4;6;3
3;18;6;51;23;4;1;0;6;2;4
2;12;2;52;33;5;0;1;1;2;2
4;18;5;53;31;4;1;0;4;3;2
3;22;5;54;19;3;0;1;4;2;4
4;16;0;55;24;4;0;1;3;6;4
3;22;5;56;19;3;0;0;5;2;4
4;22;3;57;25;4;1;0;3;2;3
3;16;2;58;28;4;0;0;4;4;3
2;16;2;59;25;4;1;1;2;3;2
5;17;4;60;33;5;1;0;3;6;2
4;12;2;61;23;4;1;0;3;3;4
1;21;2;62;33;5;0;0;5;1;3
4;17;4;63;6;1;1;1;6;4;4
4;19;4;64;13;2;0;1;4;4;4
3;16;1;65;20;4;0;0;3;3;3
1;22;2;66;32;5;0;0;5;1;3
3;14;2;67;27;4;0;1;4;4;4
2;14;3;68;25;4;1;1;5;3;2
4;14;2;69;33;5;0;0;3;5;2
3;21;4;70;37;5;1;0;5;5;3
5;12;0;71;12;2;1;0;4;6;3
3;11;3;72;16;3;0;1;4;5;4
3;24;6;73;20;4;0;0;4;3;4
4;15;4;74;33;5;1;0;2;5;2
2;22;4;75;14;2;0;1;3;1;2
3;10;2;76;36;5;1;0;4;5;3
2;17;6;77;31;4;1;0;2;3;4
3;11;3;78;32;4;1;0;4;5;4
2;17;8;79;22;4;1;0;5;4;4
2;17;2;80;19;3;0;0;4;3;3
3;17;3;81;23;4;1;0;5;2;4
2;16;0;82;23;4;0;1;3;2;2
3;18;4;83;27;4;0;1;2;4;2
4;26;3;84;8;1;0;1;4;2;3
3;6;2;85;30;4;1;0;3;6;3
3;16;1;86;29;4;0;0;3;4;3
3;13;4;87;23;4;1;0;4;5;4
4;11;2;88;29;4;1;0;4;6;3
3;10;3;89;32;4;1;0;2;5;4
3;19;3;90;19;3;0;0;4;2;3
3;16;3;91;26;4;1;0;4;5;3
3;18;2;92;31;4;0;1;2;5;2
2;22;6;93;27;4;0;0;4;1;4
3;15;2;94;18;3;1;0;5;4;4
2;20;3;95;20;4;0;1;2;1;3
3;27;6;96;24;4;1;1;4;1;4
3;17;1;97;34;5;1;1;5;4;3
5;21;3;98;33;5;1;0;3;5;4
4;23;4;99;33;5;1;0;6;4;2
1;18;3;100;25;4;0;0;4;1;4
3;11;1;101;25;4;0;1;2;4;1
4;20;3;102;26;4;1;1;4;2;3
4;17;3;103;22;4;1;0;4;3;4
2;16;6;104;26;4;1;0;4;4;4
2;18;2;105;29;4;0;0;5;4;4
2;23;4;106;16;3;0;1;6;4;3
2;11;0;107;26;4;1;0;2;5;4
3;14;4;108;38;5;1;0;4;4;3
2;18;3;109;19;3;1;1;3;2;2
3;24;4;110;30;4;1;0;6;2;4
4;13;5;111;27;4;1;0;5;5;3
5;17;0;112;8;1;0;1;2;3;4
2;18;5;113;29;4;1;0;5;5;3
3;22;2;114;24;4;1;1;3;5;2
2;18;3;115;19;3;1;0;5;1;4
4;14;4;116;27;4;1;1;4;5;3
4;22;2;117;5;1;1;1;4;2;4
1;18;5;118;35;5;1;0;6;2;4
4;26;0;119;17;3;0;1;5;4;4
2;11;1;120;34;5;0;0;3;2;4
4;9;2;121;30;4;1;0;3;5;3
4;19;2;122;27;4;1;0;4;5;3
2;22;4;123;25;4;0;0;4;1;4
4;12;0;124;26;4;0;0;4;3;3
3;21;2;125;14;2;0;1;6;2;3
3;18;1;126;28;4;1;1;3;3;4
2;11;4;127;14;2;0;0;4;4;3
3;15;4;128;26;4;0;0;2;3;4
4;13;2;129;18;3;0;0;4;5;3
4;25;0;130;15;2;0;1;5;4;4
2;22;2;131;17;3;0;1;5;2;3
3;7;0;132;45;6;1;0;3;6;1
2;17;2;133;14;2;0;1;5;3;4
5;17;0;134;20;3;1;1;4;4;4
3;17;4;135;16;3;1;0;6;6;3
4;17;2;136;19;3;1;0;5;3;2
2;17;3;137;18;3;1;0;5;2;4
5;12;0;138;20;4;1;1;2;4;3
3;27;7;139;18;3;1;0;5;1;3
3;16;3;140;17;3;1;1;2;4;3
4;17;4;141;29;4;1;0;3;4;1
3;14;7;142;38;5;1;0;3;4;3
3;26;5;143;27;4;0;0;6;3;4
1;11;4;144;23;4;1;0;4;1;4
3;11;5;145;30;4;1;0;5;5;4
3;17;1;146;24;4;0;1;5;5;3
3;14;7;147;43;6;1;0;3;6;1
2;19;2;148;27;4;0;1;3;3;3
2;16;3;149;24;4;1;0;5;3;3
3;22;1;150;18;3;0;0;5;2;4
3;19;2;151;30;4;0;0;4;2;2
2;21;3;152;26;4;0;0;4;4;2
4;12;3;153;31;4;1;0;3;5;4
2;27;7;154;28;4;1;0;4;1;3
4;20;4;155;32;4;1;0;4;6;4
3;24;3;156;20;4;0;1;5;3;4
3;13;1;157;24;4;1;0;4;4;3
3;16;3;158;27;4;0;1;2;5;3
2;9;2;159;20;3;1;1;4;4;4
4;16;1;160;17;3;1;0;4;5;4
4;9;3;161;16;3;1;0;5;6;4
1;22;5;162;26;4;0;0;3;1;3
5;23;3;163;24;4;1;1;3;2;4
3;21;1;164;28;4;0;0;6;3;4
2;22;6;165;29;4;1;0;6;4;4
3;14;2;166;32;4;0;0;4;5;2
4;18;2;167;22;4;0;0;4;5;4
5;21;5;168;17;3;1;1;4;5;3
4;14;1;169;30;4;0;1;4;5;3
4;17;0;170;20;4;0;0;4;5;3
4;17;4;171;19;3;1;0;4;3;4
4;13;1;172;24;4;1;0;5;5;4
4;27;4;173;32;4;1;0;4;3;3
3;11;4;174;30;4;1;0;4;3;4
2;13;5;175;26;4;1;0;3;1;4
2;21;4;176;30;4;0;0;3;1;2
2;15;4;177;18;3;0;1;4;2;3
2;24;6;178;18;3;0;0;4;1;4
3;18;5;179;21;4;1;0;5;2;4
4;26;2;180;25;4;0;1;6;4;4
2;15;5;181;19;3;1;0;4;1;4
3;19;6;182;37;5;1;0;3;2;3
2;19;5;183;20;3;1;0;5;3;4
2;14;0;184;36;5;0;1;2;3;3
3;17;5;185;32;4;1;0;5;3;4
5;15;0;186;13;2;1;1;5;4;3
3;18;2;187;26;4;0;0;4;2;2
5;21;3;188;20;4;1;0;5;5;4
4;16;1;189;22;4;1;1;3;5;3
3;19;3;190;28;4;0;0;4;4;4
3;14;2;191;18;3;1;1;3;4;3
4;13;0;192;28;4;1;0;4;5;3
3;14;1;193;29;4;1;0;5;4;4
3;15;4;194;33;5;1;0;3;3;3
3;23;3;195;28;4;1;0;5;1;4
3;23;1;196;29;4;0;0;4;4;3
2;22;3;197;25;4;0;0;6;2;4
3;17;0;198;13;2;0;1;6;3;4
4;18;0;199;24;4;1;0;5;2;4
2;17;1;200;32;4;0;0;4;3;1
1;15;9;201;32;4;1;0;4;3;3
3;12;1;202;33;5;1;0;4;4;3
3;14;4;203;32;4;1;0;4;4;4
0;13;6;204;26;4;1;0;5;4;3
2;18;3;205;23;4;1;0;6;6;4
3;16;3;206;21;4;1;0;4;3;4
3;21;6;207;31;4;0;0;5;5;4
3;27;3;208;12;2;0;1;5;3;4
3;18;2;209;31;4;1;0;4;4;4
4;14;1;210;18;3;1;0;4;5;4
3;14;3;211;32;4;1;0;3;4;3
4;21;2;212;22;4;1;0;6;3;4
4;13;3;213;29;4;1;0;4;5;3
2;19;4;214;24;4;0;0;4;1;4
3;27;3;215;24;4;0;1;5;3;2
2;12;1;216;27;4;0;0;5;5;3
3;16;3;217;20;4;1;1;4;3;4
4;17;0;218;5;1;0;1;5;3;4
2;11;4;219;25;4;0;0;4;3;4
1;26;4;220;27;4;0;1;4;2;3
4;26;4;221;28;4;1;0;4;4;2
3;26;5;222;25;4;0;0;5;4;4
3;23;7;223;31;4;1;0;5;5;3
3;18;2;224;23;4;1;1;3;3;4
4;15;4;225;19;3;1;1;3;5;4
3;24;3;226;18;3;0;1;4;5;4
3;20;2;227;24;4;0;0;4;2;3
4;23;3;228;27;4;0;1;2;2;2
2;16;4;229;22;4;1;0;6;5;4
3;20;7;230;22;4;1;0;5;4;4
3;16;2;231;16;3;0;1;5;3;4
4;17;0;232;16;3;1;1;6;6;3
2;25;3;233;32;5;1;0;4;1;4
2;18;5;234;31;4;1;0;4;3;2
3;19;3;235;22;4;1;0;5;1;4
3;22;3;236;17;3;0;1;4;4;3
3;21;2;237;10;2;0;1;3;4;4
3;18;2;238;23;4;0;1;4;6;3
2;19;6;239;32;4;1;0;3;3;1
2;18;3;240;32;4;0;1;3;3;1
2;12;2;241;32;5;1;0;5;5;3
4;17;3;242;11;2;0;1;4;5;4
2;19;6;243;33;5;1;0;3;1;4
2;17;3;244;23;4;0;0;4;5;4
4;21;3;245;23;4;1;0;4;5;2
2;13;3;246;21;4;1;0;5;5;4
3;11;3;247;27;4;1;0;3;6;4
4;11;0;248;17;3;0;0;1;4;3
2;20;4;249;32;4;1;1;2;1;1
4;19;4;250;33;5;1;1;4;6;3
4;16;4;251;20;4;1;0;4;6;3
4;18;2;252;24;4;1;0;4;3;3
4;19;3;253;29;4;1;0;2;6;1
4;19;2;254;11;2;0;1;4;4;4
3;12;1;255;26;4;0;0;4;5;3
3;11;0;256;21;4;0;1;2;4;2
5;21;0;257;15;2;1;1;5;5;4
3;12;2;258;31;4;1;0;4;4;4
4;19;2;259;28;4;1;0;6;4;4
5;20;2;260;13;2;0;1;3;4;3
3;16;3;261;30;4;1;0;3;2;4
2;19;4;262;39;5;0;1;4;3;1
3;9;3;263;29;4;1;0;5;5;2
3;25;7;264;30;4;1;0;5;1;4
3;27;1;265;21;4;0;0;5;1;2
3;17;2;266;22;4;0;1;4;5;4
3;16;4;267;24;4;1;1;3;5;3
2;18;4;268;26;4;0;0;4;4;3
3;9;2;269;40;5;1;0;4;5;1
3;18;10;270;27;4;1;0;4;3;4
3;18;3;271;29;4;1;0;4;3;4
3;18;4;272;29;4;1;0;4;3;3
4;21;4;273;18;3;1;0;5;5;3
4;12;2;274;28;4;1;0;4;4;3
4;22;3;275;15;2;1;1;5;3;4
2;11;3;276;22;4;1;0;4;3;4
2;17;4;277;21;4;0;0;6;6;4
5;18;4;278;19;3;1;0;6;5;4
4;13;6;279;25;4;1;0;4;6;3
2;14;3;280;26;4;1;0;4;4;4
5;22;3;281;22;4;1;0;3;5;3
2;7;0;282;40;5;1;0;4;4;3
6;23;3;283;18;3;1;0;4;3;4
4;19;5;284;27;4;1;1;1;5;2
3;19;2;285;21;4;0;0;5;2;4
4;24;4;286;17;3;0;0;5;5;4
5;10;2;287;20;3;0;0;3;6;2
4;11;0;288;33;5;0;0;2;6;1
3;19;2;289;19;3;0;1;4;5;4
3;13;4;290;13;2;1;1;2;3;4
2;12;2;291;35;5;1;0;6;3;4
3;18;2;292;24;4;0;0;4;2;4
4;11;0;293;22;4;1;1;1;5;3
1;22;6;294;24;4;0;0;6;2;2
3;18;0;295;22;4;0;0;4;4;4
4;19;2;296;7;1;0;1;4;3;4
3;19;4;297;31;4;1;1;4;4;3
2;18;4;298;25;4;0;0;5;2;4
4;13;4;299;28;4;1;0;5;5;4
1;20;7;300;35;5;1;0;4;2;2
2;17;2;301;26;4;1;0;4;3;3
1;18;0;302;26;4;0;0;5;5;1
4;8;0;303;19;3;0;1;4;3;3
2;11;3;304;26;4;0;0;5;5;4
2;21;2;305;20;4;0;0;6;4;3
2;17;6;306;24;4;1;0;5;5;3
3;19;0;307;21;4;1;1;4;3;3
4;13;4;308;34;5;1;0;3;5;3
2;22;6;309;26;4;0;0;3;2;3
3;15;1;310;18;3;0;1;4;4;4
3;14;1;311;32;4;0;0;3;5;3
2;21;6;312;33;5;1;0;5;4;4
4;9;3;313;23;4;1;0;3;6;1
2;18;3;314;32;4;0;0;1;1;1
3;8;5;315;29;4;0;0;3;5;4
2;17;8;316;39;5;1;0;1;3;2
4;11;2;317;36;5;1;0;2;3;3
3;20;5;318;40;5;0;0;4;3;3
4;17;2;319;28;4;1;0;2;5;3
3;20;0;320;16;3;0;1;4;1;4
3;22;3;321;15;2;0;1;3;4;4
3;21;4;322;19;3;1;0;5;4;4
1;22;6;323;38;5;1;0;4;3;3
3;18;3;324;24;4;1;0;3;3;4
3;14;0;325;21;4;0;0;4;4;4
4;13;5;326;31;4;1;0;1;5;4
3;17;5;327;38;5;1;1;1;5;3
3;11;2;328;27;4;0;0;2;6;1
3;13;3;329;26;4;1;0;5;4;4
4;22;3;330;7;1;0;1;2;3;3
5;21;2;331;24;4;1;1;3;6;3
2;25;2;332;17;3;0;1;6;1;4
3;12;3;333;21;4;1;1;4;4;4
3;19;1;334;30;4;0;1;5;4;3
3;11;1;335;20;4;0;1;4;5;3
3;22;5;336;26;4;1;0;5;2;4
3;22;3;337;22;4;0;1;5;3;3
5;22;1;338;13;2;1;0;5;4;4
3;11;3;339;20;4;1;0;5;5;4
3;20;4;340;24;4;1;0;6;2;4
4;17;5;341;27;4;1;0;5;5;4
3;15;3;342;23;4;0;0;4;2;4
3;23;4;343;13;2;1;0;6;1;4
2;26;6;344;23;4;0;0;5;2;4
3;25;4;345;22;4;0;0;4;1;4
4;12;1;346;26;4;1;0;4;6;3
5;12;1;347;11;2;1;1;5;4;4
4;23;4;348;33;5;1;0;5;4;4
2;24;5;349;27;4;0;0;5;4;3
2;16;7;350;30;4;1;0;5;1;4
3;16;4;351;30;4;1;0;2;4;2
3;16;3;352;32;5;0;1;3;5;4
3;22;4;353;36;5;1;0;3;1;4
3;17;4;354;23;4;1;1;4;3;4
4;8;4;355;22;4;1;0;3;5;4
2;14;3;356;32;4;1;0;5;3;4
3;12;3;357;21;4;1;0;5;1;4
5;19;3;358;25;4;1;0;3;5;3
3;19;3;359;33;5;1;0;5;5;2
2;16;1;360;24;4;1;1;5;1;3
4;22;4;361;21;4;0;0;4;5;3
4;9;2;362;35;5;1;0;3;5;4
4;10;0;363;18;3;1;0;5;4;4
3;14;4;364;29;4;1;0;4;3;4
3;16;0;365;10;2;0;1;5;5;4
3;10;1;366;16;3;1;1;3;5;4
3;21;5;367;30;4;0;0;5;4;4
3;21;5;368;20;4;1;0;4;4;2
3;21;5;369;29;4;1;0;5;6;4
3;20;5;370;29;4;1;0;4;3;2
1;23;1;371;20;4;0;1;4;2;3
3;16;6;372;29;4;1;0;2;3;4
3;19;2;373;30;4;0;0;5;2;4
1;21;3;374;26;4;0;0;4;2;3
3;21;2;375;16;3;0;1;4;1;4
2;26;6;376;32;4;1;0;5;4;2
2;24;5;377;33;5;1;1;2;1;4
3;18;7;378;35;5;1;0;3;6;3
3;18;2;379;25;4;1;0;5;3;4
1;13;5;380;32;4;1;0;3;4;3
4;14;1;381;30;4;0;1;1;5;2
3;16;2;382;23;4;1;1;2;4;4
2;11;2;383;22;4;0;1;4;5;3
3;19;4;384;34;5;1;1;3;5;3
3;13;1;385;31;4;1;0;2;4;1
4;17;0;386;34;5;1;1;3;5;3
1;19;4;387;27;4;0;0;4;1;4
3;10;1;388;20;3;1;0;3;4;3
3;19;4;389;23;4;1;0;4;2;3
2;24;6;390;19;3;1;0;5;1;4
2;21;4;391;14;2;0;1;6;2;4
4;14;0;392;25;4;0;1;4;4;2
4;21;5;393;28;4;1;0;4;5;4
3;20;2;394;24;4;0;0;4;2;4
5;22;5;395;26;4;1;1;3;5;1
3;16;1;396;11;2;0;1;5;4;4
4;18;2;397;29;4;0;1;4;5;3
3;13;3;398;34;5;1;1;1;3;3
1;17;2;399;21;4;0;1;3;1;3
3;13;4;400;22;4;1;1;3;3;4
6;9;0;401;15;2;1;1;4;5;4
6;30;3;402;26;4;0;0;3;3;3
3;15;0;403;12;2;0;1;4;2;4
3;19;3;404;26;4;1;0;5;2;3
3;22;0;405;13;2;0;1;6;3;4
3;7;3;406;38;5;1;0;1;5;1
3;14;2;407;32;4;1;0;3;5;4
4;18;4;408;22;4;1;0;2;3;4
4;14;0;409;23;4;1;0;5;5;4
4;19;2;410;23;4;1;1;4;2;4
2;11;3;411;20;4;0;1;5;5;3
4;14;2;412;10;2;1;0;5;4;4
3;18;1;413;21;4;0;0;5;2;2
5;20;6;414;28;4;1;0;4;4;3
3;18;4;415;36;5;1;0;3;3;4
3;11;2;416;36;5;0;0;4;4;4
3;14;4;417;23;4;1;1;3;4;4
3;17;0;418;22;4;0;1;2;3;4
1;14;4;419;32;5;1;0;5;3;4
2;14;4;420;34;5;1;0;4;5;1
2;30;5;421;29;4;0;0;4;1;1
2;10;2;422;26;4;1;0;5;4;4
4;13;4;423;25;4;1;1;3;4;4
3;14;1;424;22;4;0;0;3;4;4
3;13;5;425;41;6;1;0;1;5;1
2;18;3;426;22;4;1;0;6;4;4
2;17;1;427;18;3;0;0;4;1;4
4;7;0;428;31;4;0;0;1;5;3
2;25;4;429;19;3;0;1;6;2;2
4;13;0;430;36;5;1;0;4;5;2
2;7;5;431;35;5;1;0;1;6;1
2;17;1;432;27;4;0;1;2;2;1
4;14;3;433;22;4;0;1;1;5;2
1;22;5;434;30;4;1;0;3;1;3
2;16;2;435;25;4;0;1;6;5;1
2;20;1;436;24;4;0;0;5;4;2
4;22;1;437;15;2;0;0;6;3;4
3;16;0;438;21;4;0;0;4;4;3
4;14;2;439;31;4;0;0;3;5;2
3;14;3;440;20;4;0;1;5;5;3
3;12;7;441;30;4;1;0;4;5;4
2;18;4;442;23;4;1;0;2;4;1
2;27;3;443;32;4;0;1;5;1;4
4;18;0;444;27;4;0;1;3;3;4
5;15;4;445;36;5;1;0;2;6;3
3;12;1;446;21;4;1;1;5;3;4
3;18;2;447;34;5;0;0;3;3;3
3;11;0;448;15;2;1;1;2;4;3
4;20;8;449;37;5;1;0;4;5;2
3;8;3;450;27;4;1;0;5;5;3
1;11;0;451;29;4;0;0;5;2;4
3;16;3;452;21;4;0;0;5;4;4
2;7;3;453;34;5;1;0;6;5;3
3;17;2;454;36;5;1;0;2;5;1
4;12;3;455;20;3;1;0;4;3;4
3;21;2;456;20;4;0;0;6;4;2
4;17;3;457;18;3;1;1;3;5;4
4;20;2;458;22;4;0;0;5;4;3
1;11;4;459;49;6;1;0;3;5;1
3;19;2;460;15;2;0;0;3;2;4
3;25;4;461;32;5;0;0;6;4;3
2;22;5;462;29;4;0;0;5;3;4
5;21;3;463;25;4;1;1;4;4;3
5;14;3;464;21;4;1;0;4;4;4
3;24;6;465;23;4;1;0;6;5;4
4;15;1;466;27;4;0;0;1;4;2
3;16;4;467;26;4;1;1;3;5;1
4;15;3;468;27;4;0;1;4;4;4
3;21;4;469;28;4;0;1;1;1;1
2;15;0;470;15;2;0;0;5;4;3
2;21;6;471;22;4;0;0;5;4;4
2;14;6;472;31;4;1;0;4;6;3
3;23;3;473;24;4;1;1;5;2;3
3;12;2;474;31;4;1;0;1;4;4
3;16;4;475;32;4;0;1;5;3;4
2;13;7;476;24;4;1;0;5;3;4
5;18;1;477;17;3;0;1;3;4;4
4;31;5;478;24;4;0;0;5;2;3
4;16;0;479;13;2;0;1;4;5;3
3;13;3;480;21;4;0;1;4;4;3
4;19;2;481;19;3;0;0;4;4;4
1;18;3;482;28;4;1;0;5;3;2
3;12;0;483;18;3;0;0;5;6;4
2;19;4;484;32;4;1;0;6;2;3
2;15;2;485;26;4;1;0;3;2;4
4;16;2;486;12;2;0;1;2;5;3
2;23;4;487;21;4;0;1;5;3;3
2;14;6;488;30;4;1;0;3;5;3
4;17;0;489;16;3;0;1;5;4;4
1;21;4;490;39;5;1;0;6;5;4
3;15;3;491;13;2;1;0;6;1;4
5;17;3;492;18;3;1;1;5;5;4
3;22;3;493;13;2;1;0;6;2;4
3;17;4;494;11;2;1;1;6;5;4
4;17;4;495;24;4;1;0;4;5;4
3;16;4;496;17;3;1;0;5;2;4
3;23;2;497;11;2;0;1;4;4;4
2;13;6;498;43;6;1;0;2;3;2
5;15;2;499;23;4;1;0;4;5;3
4;18;3;500;21;4;1;1;1;2;3
4;11;2;501;17;3;1;0;4;4;4
3;21;2;502;15;2;0;1;1;2;3
3;11;5;503;33;5;1;0;2;5;1
4;16;4;504;40;5;1;1;1;5;2
3;30;5;505;21;4;0;1;5;4;4
5;16;0;506;22;4;1;0;3;5;2
4;12;0;507;26;4;0;1;1;4;1
3;16;3;508;23;4;1;0;5;2;4
3;14;2;509;20;4;0;0;5;5;4
4;17;2;510;15;2;1;1;4;4;4
3;9;1;511;37;5;1;1;2;5;1
3;13;4;512;29;4;0;1;3;5;1
3;18;2;513;22;4;1;0;3;5;3
3;21;0;514;18;3;0;0;5;4;2
4;14;0;515;24;4;1;0;4;3;4
3;29;0;516;12;2;0;1;5;1;3
3;13;0;517;16;2;0;0;4;4;4
5;24;2;518;19;3;1;0;6;5;4
3;16;1;519;18;3;1;0;4;5;4
1;15;5;520;31;4;1;0;6;4;4
4;23;4;521;22;4;1;0;4;3;4
3;19;2;522;19;3;0;1;4;5;2
2;13;1;523;26;4;0;0;4;2;4
4;15;2;524;23;4;0;1;1;4;3
4;15;0;525;20;4;0;0;3;6;2
3;17;4;526;13;2;0;1;4;5;2
3;22;3;527;19;3;0;0;4;3;4
4;16;4;528;16;3;1;1;3;5;4
3;19;5;529;24;4;1;0;2;3;4
2;18;6;530;40;5;1;0;4;4;3
4;13;1;531;18;3;1;0;5;5;4
3;9;3;532;33;5;1;1;2;5;1
4;22;2;533;22;4;0;0;3;6;3
3;15;4;534;38;5;1;0;3;1;2
1;18;7;535;24;4;1;0;4;4;2
2;23;4;536;22;4;0;1;3;1;4
4;16;1;537;19;3;0;1;4;4;3
5;23;5;538;25;4;1;1;6;6;4
2;31;6;539;22;4;0;0;4;1;2
3;17;4;540;32;4;1;0;4;4;3
2;14;4;541;25;4;0;0;4;5;4
6;16;0;542;19;3;0;0;3;5;4
1;22;5;543;17;3;0;1;5;5;3
3;16;5;544;24;4;1;0;6;3;4
2;15;0;545;14;2;0;1;4;4;4
3;12;0;546;21;4;0;0;2;3;3
5;28;2;547;14;2;0;0;4;2;4
2;16;3;548;29;4;0;0;5;3;3
3;12;3;549;11;2;1;0;4;2;4
4;17;3;550;10;2;1;0;5;5;4
3;13;1;551;31;4;1;0;3;5;3
2;23;3;552;18;3;1;0;6;2;4
3;13;1;553;26;4;1;1;5;5;2
4;17;4;554;44;6;1;0;1;4;2
5;18;4;555;20;4;1;1;5;2;4
5;16;1;556;25;4;1;0;4;3;4
2;14;2;557;31;4;0;1;3;4;3
3;23;5;558;15;2;0;1;1;1;3
3;13;4;559;24;4;1;1;3;4;4
3;16;2;560;30;4;0;1;3;6;1
3;22;5;561;30;4;1;0;5;4;3
2;14;2;562;18;3;1;0;5;3;4
2;6;4;563;22;4;1;0;5;5;2
3;24;5;564;30;4;0;0;3;3;3
4;23;1;565;11;2;0;1;6;3;4
2;14;2;566;23;4;0;0;4;4;2
3;13;4;567;24;4;1;0;4;5;3
4;13;2;568;28;4;1;0;2;5;3
3;8;3;569;32;4;1;0;2;4;4
4;17;2;570;20;4;1;1;4;4;4
2;25;4;571;31;4;0;0;3;1;2
3;12;3;572;24;4;0;0;2;5;3
3;14;3;573;33;5;1;0;5;6;1
5;11;0;574;28;4;0;0;4;5;2
4;10;5;575;33;5;1;1;1;5;3
3;19;5;576;20;3;1;1;5;1;4
5;17;3;577;29;4;1;0;2;6;3
2;14;3;578;32;4;1;0;3;4;2
3;22;3;579;24;4;1;1;4;4;2
3;15;2;580;23;4;0;0;5;5;3
3;10;0;581;24;4;1;0;4;5;4
4;15;2;582;17;3;0;0;4;5;4
3;22;2;583;25;4;0;1;5;2;3
4;17;2;584;22;4;0;1;3;5;1
3;10;5;585;34;5;1;1;2;5;3
3;20;0;586;28;4;0;1;5;3;3
4;12;2;587;21;4;1;0;6;6;4
2;13;5;588;26;4;1;1;1;4;3
2;16;0;589;21;4;0;1;4;3;4
0;19;7;590;33;5;0;0;3;1;3
3;19;0;591;24;4;0;0;2;1;2
1;18;5;592;20;4;0;1;3;1;3
3;19;2;593;24;4;0;0;3;2;3
5;16;2;594;20;4;1;0;4;5;3
2;21;1;595;17;3;0;1;6;1;4
2;12;4;596;25;4;1;0;4;6;3
3;21;4;597;14;2;1;1;4;2;4
2;22;5;598;20;3;0;1;5;1;4
3;15;5;599;38;5;1;0;3;4;2
4;18;2;600;23;4;1;1;4;4;3
4;19;0;601;7;1;0;1;5;4;4
2;14;1;602;30;4;1;0;5;5;1
3;15;1;603;33;5;0;0;4;4;3
3;22;5;604;24;4;0;1;5;5;4
4;23;3;605;26;4;0;0;4;5;1
2;26;6;606;21;4;0;0;5;4;4
3;14;5;607;24;4;1;0;4;4;4
4;23;4;608;24;4;0;0;4;5;4
2;17;0;609;23;4;0;0;4;5;1
4;10;2;610;37;5;1;0;1;5;1
3;19;6;611;24;4;1;0;5;3;4
2;9;3;612;25;4;0;1;1;5;2
2;12;2;613;28;4;1;0;5;2;3
2;18;7;614;21;4;1;0;6;4;4
5;26;5;615;22;4;1;0;5;4;4
3;17;2;616;33;5;1;0;4;4;1
4;12;2;617;17;3;1;1;2;4;3
3;13;5;618;38;5;1;0;5;5;3
2;13;1;619;35;5;0;1;2;3;1
3;16;4;620;20;4;1;0;4;5;4
1;20;6;621;26;4;1;0;5;1;3
4;13;2;622;24;4;1;1;1;6;3
0;28;4;623;19;3;0;0;6;1;3
3;12;0;624;29;4;0;0;5;6;1
4;16;1;625;24;4;0;0;1;5;1
3;17;2;626;21;4;0;0;5;6;4
3;17;6;627;33;5;1;1;4;5;4
3;26;7;628;25;4;1;1;3;3;4
2;21;4;629;31;4;0;0;5;2;1
6;19;0;630;23;4;1;1;4;3;4
4;13;0;631;20;3;1;0;4;5;1
3;21;5;632;16;3;1;0;6;3;3
4;21;4;633;24;4;1;1;4;4;4
3;11;1;634;21;4;1;1;3;4;2
4;18;5;635;16;3;1;1;4;4;3
3;19;4;636;20;4;1;1;5;5;4
3;21;5;637;30;4;1;0;6;1;4
3;25;3;638;12;2;0;1;4;1;3
3;9;2;639;26;4;1;0;3;4;4
5;7;1;640;21;4;1;0;1;6;2
5;19;2;641;28;4;1;0;4;5;4
2;22;4;642;39;5;1;0;4;3;1
1;21;5;643;30;4;0;0;5;1;4
1;18;5;644;22;4;0;1;6;2;4
2;14;2;645;27;4;1;0;5;3;4
3;21;6;646;24;4;1;0;5;2;4
4;19;2;647;22;4;1;0;5;4;4
5;15;3;648;38;5;1;0;4;5;4
2;17;4;649;11;2;0;0;5;2;4
2;18;7;650;40;5;1;0;4;5;2
3;24;2;651;30;4;0;0;4;3;1
3;14;6;652;34;5;1;0;1;5;3
3;18;3;653;23;4;1;0;6;5;4
3;17;4;654;22;4;1;0;5;5;4
4;27;5;655;27;4;1;1;4;4;3
1;10;7;656;32;4;1;0;3;5;1
4;21;3;657;22;4;1;1;4;4;4
4;17;0;658;20;3;0;1;2;2;1
3;16;6;659;22;4;1;0;3;4;4
1;19;7;660;37;5;0;0;6;4;2
4;12;1;661;31;4;1;0;3;6;2
3;21;2;662;28;4;0;0;6;4;3
3;19;6;663;33;5;1;0;5;1;3
1;19;5;664;23;4;1;0;3;2;4
1;14;4;665;35;5;1;1;3;2;4
4;13;2;666;38;5;1;0;1;4;2
2;20;4;667;24;4;0;0;4;4;3
5;19;1;668;13;2;1;1;5;2;3
2;21;5;669;28;4;0;0;6;2;4
4;21;3;670;20;3;1;1;3;3;3
1;13;3;671;38;5;0;0;3;3;2
3;13;1;672;30;4;1;1;4;1;3
2;11;1;673;25;4;1;0;4;5;3
5;19;2;674;25;4;1;1;4;5;1
3;17;1;675;24;4;0;0;3;5;3
3;17;6;676;28;4;1;0;4;5;3
2;17;0;677;14;2;0;0;6;4;4
4;18;3;678;11;2;0;0;4;4;3
2;14;4;679;27;4;1;0;3;2;4
4;16;6;680;29;4;1;1;3;2;4
4;16;2;681;23;4;1;1;3;5;1
3;20;2;682;21;4;0;1;3;4;3
3;13;0;683;14;2;1;0;4;4;4
3;17;4;684;31;4;1;0;4;3;4
4;17;2;685;25;4;0;1;3;6;2
3;10;2;686;39;5;1;0;1;4;1
2;17;5;687;16;3;1;1;5;3;4
4;12;4;688;36;5;1;0;1;5;3
2;18;4;689;30;4;1;0;6;4;2
3;25;5;690;23;4;0;1;4;2;4
4;19;0;691;15;2;0;1;4;3;4
4;17;0;692;26;4;1;0;4;5;2
4;16;4;693;20;4;1;0;2;4;4
3;14;1;694;36;5;0;0;3;5;2
3;8;3;695;26;4;1;0;3;6;2
4;15;0;696;14;2;0;1;6;2;3
3;24;3;697;32;4;0;0;6;4;3
2;17;4;698;27;4;1;0;4;4;2
4;24;2;699;15;2;1;0;4;5;4
3;18;3;700;26;4;1;0;6;4;4
1;17;6;701;23;4;1;0;6;1;3
2;16;4;702;24;4;1;0;4;5;3
2;24;4;703;24;4;0;0;6;2;2
5;18;0;704;33;5;1;0;3;4;1
2;19;5;705;25;4;0;0;5;4;3
4;14;2;706;23;4;1;0;3;5;4
2;22;2;707;28;4;1;0;4;1;4
2;13;3;708;31;4;1;0;4;4;1
3;16;2;709;21;4;0;0;4;1;4
4;17;1;710;24;4;0;1;3;4;3
3;16;6;711;35;5;1;0;2;5;3
5;11;1;712;23;4;1;0;3;6;3
3;16;0;713;17;3;0;1;3;4;2
3;20;4;714;20;4;1;0;6;4;4
4;19;2;715;23;4;0;0;4;2;4
2;12;3;716;30;4;0;0;2;3;1
3;26;2;717;10;2;0;1;5;5;4
3;21;2;718;23;4;0;1;4;2;3
4;21;0;719;14;2;1;1;6;6;4
1;13;2;720;25;4;0;1;2;4;3
4;28;3;721;17;3;1;0;5;3;4
3;11;0;722;19;3;0;0;4;1;1
3;23;7;723;33;5;1;0;3;1;4
3;15;4;724;32;4;1;1;4;6;1
2;15;3;725;27;4;1;0;4;5;1
3;19;4;726;23;4;0;0;5;6;2
5;24;2;727;17;3;1;1;5;2;4
5;11;0;728;20;4;1;0;2;5;3
3;7;0;729;34;5;1;0;4;5;2
5;18;5;730;26;4;1;0;4;4;4
3;8;3;731;28;4;0;1;3;5;3
5;12;0;732;21;4;1;0;2;6;2
2;16;5;733;31;4;0;0;5;4;3
3;15;3;734;33;5;1;0;4;5;4
3;20;1;735;22;4;0;1;4;4;3
2;16;3;736;26;4;0;0;4;3;4
4;14;0;737;27;4;1;0;3;5;3
2;11;5;738;37;5;1;0;2;5;3
4;13;4;739;27;4;1;0;5;6;3
1;9;6;740;47;6;1;0;4;5;2
1;20;6;741;26;4;0;1;3;1;3
5;16;2;742;33;5;1;0;4;4;3
4;18;2;743;36;5;1;1;1;5;1
3;9;3;744;23;4;1;1;4;5;1
3;16;6;745;24;4;1;0;1;4;2
4;21;1;746;17;3;0;0;4;2;2
3;23;4;747;25;4;0;0;6;4;4
3;16;2;748;25;4;1;0;3;3;2
4;16;3;749;27;4;1;0;4;4;4
2;16;1;750;10;2;0;0;5;2;4
2;18;7;751;18;3;1;0;5;4;4
3;17;1;752;19;3;0;0;5;2;3
4;19;2;753;30;4;0;1;3;4;3
5;22;0;754;13;2;0;1;3;4;3
3;22;2;755;35;5;0;0;2;1;2
4;22;6;756;32;4;0;0;3;2;2
3;19;6;757;35;5;1;0;4;3;4
2;19;6;758;28;4;1;0;4;4;4
3;19;6;759;35;5;1;0;4;5;2
4;15;0;760;22;4;0;0;5;4;3
2;29;0;761;11;2;0;1;5;1;4
3;18;4;762;24;4;0;1;4;4;4
2;16;4;763;21;4;0;0;3;4;4
3;25;4;764;33;5;1;0;3;2;2
4;17;1;765;22;4;0;1;3;5;1
3;22;3;766;26;4;1;0;6;4;4
4;13;2;767;27;4;0;0;3;4;3
5;19;3;768;20;4;1;1;1;4;4
2;23;4;769;27;4;0;0;4;4;2
3;18;0;770;30;4;0;0;3;4;3
2;22;5;771;23;4;0;0;4;3;2
3;16;6;772;30;4;1;0;5;5;3
3;15;3;773;28;4;1;1;3;3;3
4;9;4;774;30;4;1;0;2;5;4
5;22;5;775;30;4;1;0;2;5;3
4;16;4;776;25;4;1;1;1;5;1
3;19;2;777;25;4;1;0;5;4;4
4;19;0;778;18;3;0;1;6;3;4
1;17;3;779;37;5;1;0;6;4;3
2;23;1;780;28;4;0;1;5;4;1
4;16;2;781;25;4;1;0;4;5;4
4;21;5;782;28;4;1;0;5;3;3
3;17;4;783;33;5;1;0;4;2;1
3;17;4;784;29;4;1;0;3;5;3
1;21;5;785;29;4;0;0;5;4;3
4;15;3;786;31;4;1;0;4;5;4
3;20;4;787;29;4;1;0;5;4;3
2;16;3;788;26;4;1;0;4;4;1
4;11;0;789;31;4;0;0;1;4;2
4;24;5;790;22;4;1;1;4;2;3
3;16;2;791;23;4;1;0;3;5;4
2;24;6;792;34;5;0;0;5;2;4
3;11;4;793;25;4;1;0;5;5;4
4;19;1;794;19;3;1;0;4;5;2
4;22;3;795;20;4;1;0;5;4;4
3;21;5;796;18;3;0;0;2;1;4
3;22;5;797;23;4;0;1;4;5;4
3;14;4;798;17;3;1;0;2;6;4
2;11;3;799;35;5;1;0;4;6;4
2;10;4;800;32;4;0;0;3;5;3
2;12;3;801;25;4;1;0;5;4;3
4;16;1;802;34;5;0;0;1;1;3
3;26;6;803;14;2;0;0;5;3;4
2;11;0;804;24;4;0;0;4;1;3
4;16;5;805;30;4;1;0;4;5;3
3;14;5;806;26;4;1;0;2;6;2
5;8;2;807;24;4;1;0;3;5;2
4;16;2;808;29;4;1;1;1;5;3
2;21;4;809;31;4;0;0;2;2;3
3;14;7;810;32;4;1;0;3;3;3
3;17;1;811;28;4;1;0;4;1;4
1;19;3;812;37;5;1;0;4;2;3
3;19;3;813;27;4;0;0;3;4;3
2;14;3;814;23;4;1;0;4;5;2
3;17;3;815;27;4;1;1;4;3;1
3;16;4;816;30;4;0;0;4;4;1
3;18;3;817;30;4;0;0;3;6;1
3;15;0;818;27;4;0;0;4;4;3
4;19;6;819;30;4;1;0;4;5;2
3;21;7;820;30;4;1;0;4;3;4
1;10;4;821;26;4;1;0;3;4;3
2;18;5;822;36;5;0;0;2;4;2
2;22;4;823;22;4;0;0;4;1;4
3;16;3;824;31;4;0;0;5;4;2
4;23;4;825;24;4;1;1;4;2;3
3;22;6;826;23;4;1;1;4;3;4
2;13;0;827;17;3;1;0;6;2;4
3;18;2;828;30;4;0;0;3;4;4
1;17;7;829;34;5;1;0;6;4;4
4;19;1;830;33;5;0;0;3;5;3
2;22;6;831;23;4;1;0;6;1;4
4;12;4;832;28;4;1;0;4;6;4
2;16;4;833;26;4;1;1;3;5;1
4;16;3;834;15;2;1;1;6;6;4
2;16;0;835;26;4;0;0;4;1;4
5;20;3;836;28;4;0;0;3;5;4
4;17;0;837;28;4;1;1;3;5;3
4;24;5;838;18;3;0;0;5;6;3
3;19;3;839;27;4;0;0;2;4;3
3;23;5;840;27;4;1;0;3;4;3
2;23;4;841;15;2;0;0;5;4;4
1;9;1;842;29;4;1;0;4;2;1
3;15;3;843;25;4;1;0;4;4;2
4;24;2;844;29;4;1;0;5;4;4
3;22;6;845;27;4;1;0;4;4;2
4;17;2;846;12;2;0;0;5;3;3
3;24;5;847;31;4;1;0;3;3;4
2;6;2;848;38;5;1;0;3;5;2
3;16;4;849;23;4;1;1;4;3;4
4;18;1;850;17;3;1;1;4;5;4
2;9;4;851;50;6;1;0;2;4;1
4;13;1;852;26;4;1;0;5;5;3
2;6;3;853;43;6;1;0;5;5;4
4;12;4;854;20;4;1;0;1;3;4
3;22;4;855;28;4;1;0;4;5;3
3;16;0;856;18;3;0;1;4;3;3
3;16;5;857;29;4;1;0;4;5;2
2;21;2;858;20;4;0;0;5;1;2
2;21;5;859;20;3;1;0;5;2;4
2;16;6;860;31;4;1;0;6;3;4
3;14;2;861;24;4;0;1;2;3;4
4;11;4;862;37;5;1;0;1;6;4
3;19;4;863;17;3;1;0;5;5;4
3;20;4;864;37;5;0;0;3;4;2
2;14;6;865;27;4;1;0;6;5;2
4;18;3;866;30;4;1;1;3;6;1
2;19;4;867;22;4;0;0;4;2;4
1;13;2;868;24;4;0;1;3;2;1
3;14;4;869;29;4;1;0;4;5;1
2;28;2;870;19;3;0;0;4;1;2
5;15;0;871;22;4;0;1;3;5;4
3;17;0;872;21;4;0;1;4;3;3
2;18;5;873;17;3;1;0;5;5;4
2;18;5;874;31;4;0;0;4;4;1
2;16;5;875;19;3;0;0;3;2;3
3;16;6;876;23;4;1;1;5;5;4
3;22;5;877;41;5;0;0;2;4;3
4;19;3;878;23;4;1;1;5;2;4
3;16;1;879;17;3;0;1;4;5;1
6;22;1;880;20;4;1;1;3;6;4
4;14;2;881;23;4;1;0;4;6;3
3;17;4;882;31;4;1;0;3;4;4
2;25;6;883;33;5;1;0;5;3;3
1;15;4;884;19;3;0;1;2;1;1
2;16;5;885;37;5;1;0;4;4;3
2;21;5;886;36;5;1;0;4;4;1
5;11;0;887;24;4;1;0;3;5;4
5;17;0;888;14;2;1;1;3;6;3
4;14;1;889;20;4;0;0;4;5;4
3;23;4;890;26;4;0;0;3;2;4
3;21;3;891;32;4;0;1;4;4;4
4;21;7;892;32;4;1;0;5;6;4
3;14;0;893;40;5;0;0;3;4;3
4;17;3;894;37;5;1;0;3;4;3
2;24;6;895;23;4;0;1;3;2;1
3;8;3;896;23;4;1;0;3;6;4
3;16;0;897;24;4;0;1;3;5;3
3;24;5;898;20;4;1;0;6;2;4
3;16;2;899;26;4;0;0;6;5;3
4;28;2;900;25;4;0;1;4;2;2
4;18;0;901;16;3;1;1;4;5;1
4;12;1;902;28;4;0;1;4;5;2
3;19;3;903;12;2;0;0;6;5;4
3;10;3;904;24;4;1;1;4;6;1
3;16;2;905;29;4;1;1;5;4;4
4;11;2;906;27;4;1;1;2;5;4
1;18;4;907;24;4;0;0;5;1;4
3;9;2;908;40;5;1;1;4;6;3
3;11;2;909;18;3;1;0;5;3;4
2;22;0;910;21;4;0;1;6;2;4
3;21;2;911;24;4;0;1;4;4;4
2;24;1;912;37;5;0;0;3;2;1
3;22;3;913;28;4;1;0;6;5;3
2;14;6;914;35;5;1;0;3;2;2
3;14;1;915;19;3;0;1;4;5;3
3;15;2;916;27;4;1;1;1;4;3
2;23;4;917;23;4;0;1;5;1;3
3;19;5;918;36;5;1;0;6;5;3
4;15;1;919;15;2;1;0;4;5;4
3;14;4;920;24;4;1;0;3;1;4
3;9;2;921;14;2;1;0;4;3;4
1;18;5;922;34;5;1;0;5;2;3
4;21;1;923;16;3;1;0;5;4;4
3;18;5;924;15;2;0;1;5;5;4
4;22;6;925;20;3;1;0;5;4;4
4;18;4;926;17;3;1;0;5;6;4
3;21;2;927;22;4;0;0;5;4;3
3;17;2;928;19;3;1;0;5;4;3
2;13;2;929;44;6;0;0;1;3;1
3;21;2;930;20;3;0;0;3;1;2
3;13;0;931;22;4;0;0;4;6;3
2;16;4;932;24;4;0;0;4;4;3
2;20;2;933;17;3;0;0;6;3;4
2;20;4;934;12;2;0;1;4;1;4
5;18;2;935;22;4;1;1;3;6;3
2;12;3;936;33;5;1;0;4;5;4
2;21;5;937;26;4;1;0;6;2;4
1;19;5;938;24;4;0;0;6;1;4
3;23;4;939;15;2;0;1;3;2;4
1;13;0;940;18;3;0;0;3;2;1
3;12;3;941;25;4;0;1;3;5;4
2;21;2;942;20;4;0;1;3;1;2
5;14;3;943;30;4;1;0;1;5;2
6;16;3;944;20;3;0;0;3;5;3
3;13;0;945;16;3;0;1;2;5;4
3;20;5;946;28;4;1;0;5;4;2
3;14;4;947;28;4;0;1;2;4;3
3;12;1;948;22;4;0;0;4;2;4
4;19;2;949;15;2;0;1;2;3;4
3;21;2;950;24;4;0;0;6;2;3
2;17;4;951;35;5;0;0;6;2;3
4;28;5;952;17;3;1;0;6;3;4
3;16;1;953;29;4;0;1;4;6;1
4;18;2;954;13;2;1;0;6;5;4
3;16;3;955;36;5;1;0;3;2;4
4;16;4;956;25;4;0;0;4;4;4
4;13;4;957;26;4;1;0;3;5;4
4;21;1;958;29;4;1;1;1;2;4
1;11;6;959;42;6;1;0;4;5;1
3;19;2;960;29;4;0;0;4;5;2
1;17;3;961;37;5;0;0;2;1;1
3;19;6;962;39;5;1;0;5;4;3
3;16;3;963;20;4;1;0;6;4;4
3;17;5;964;22;4;1;0;3;5;3
4;13;2;965;25;4;1;0;4;5;3
6;14;0;966;16;3;1;1;3;6;4
4;19;4;967;30;4;1;0;4;5;3
2;14;4;968;32;4;0;0;5;3;4
4;17;0;969;15;2;0;1;2;3;3
4;19;3;970;19;3;1;1;6;4;4
2;14;2;971;37;5;1;1;5;5;2
5;19;0;972;23;4;1;1;3;3;3
1;17;7;973;38;5;1;0;4;3;1
3;29;5;974;23;4;0;0;5;3;3
2;26;5;975;24;4;0;0;5;4;2
3;24;3;976;20;4;1;0;5;4;3
3;16;4;977;30;4;0;1;3;3;2
4;22;5;978;15;2;0;1;3;5;4
1;11;2;979;44;6;0;0;1;4;4
3;19;4;980;21;4;0;0;1;5;3
4;19;2;981;15;2;1;0;4;2;4
4;18;0;982;17;3;0;1;2;1;3
3;23;3;983;24;4;1;1;3;1;3
2;15;3;984;26;4;1;0;5;5;4
4;17;1;985;31;4;1;0;5;5;4
3;17;2;986;17;3;0;1;2;4;4
4;20;5;987;26;4;1;1;3;3;4
2;14;6;988;20;4;1;0;5;1;4
4;11;3;989;28;4;1;0;2;6;4
2;17;1;990;25;4;0;1;2;2;3
4;21;3;991;27;4;1;0;1;3;3
3;18;4;992;16;3;1;1;4;1;4
3;24;4;993;26;4;1;0;5;3;3
3;19;1;994;19;3;0;1;4;1;2
3;14;5;995;27;4;0;0;4;5;4
3;17;5;996;24;4;1;0;5;4;2
5;11;0;997;29;4;1;0;5;6;4
4;13;8;998;26;4;1;0;4;5;4
3;8;2;999;39;5;1;0;2;5;2
2;16;2;1000;18;3;0;0;3;2;3
3;14;3;1001;31;4;1;0;5;3;3
3;16;4;1002;22;4;1;0;5;5;3
2;13;3;1003;34;5;1;0;3;3;3
3;16;6;1004;30;4;1;0;4;2;4
3;17;3;1005;26;4;1;1;5;5;4
2;24;3;1006;34;5;0;0;4;1;3
5;17;3;1007;21;4;1;0;5;5;4
2;9;4;1008;34;5;1;0;4;5;2
3;22;3;1009;32;5;0;0;4;1;4
2;21;2;1010;18;3;0;1;3;1;2
0;15;3;1011;35;5;0;1;3;1;3
4;19;3;1012;7;1;0;1;3;2;4
3;17;7;1013;40;5;1;1;3;5;3
3;14;1;1014;26;4;0;0;2;4;1
4;18;0;1015;24;4;0;0;5;2;4
3;15;1;1016;21;4;1;0;4;5;3
3;9;0;1017;28;4;1;0;4;5;1
4;18;0;1018;19;3;0;1;3;4;3
3;17;3;1019;22;4;1;1;5;4;4
3;17;2;1020;28;4;1;0;4;5;3
3;23;4;1021;18;3;0;0;5;4;4
5;12;1;1022;32;5;1;1;1;4;1
3;14;3;1023;32;4;1;0;3;4;3
3;13;0;1024;23;4;0;0;4;5;3
3;16;9;1025;34;5;1;0;2;5;4
3;24;1;1026;13;2;0;1;3;1;3
1;12;2;1027;38;5;1;0;5;4;3
3;18;4;1028;21;4;1;1;5;4;4
3;20;4;1029;14;2;0;1;4;2;4
4;15;4;1030;31;4;1;0;3;5;2
2;17;1;1031;26;4;0;0;5;4;2
3;14;2;1032;27;4;0;1;2;4;2
2;21;6;1033;37;5;1;0;6;1;3
1;16;4;1034;28;4;1;1;3;4;4
4;16;3;1035;23;4;1;1;5;5;4
4;17;4;1036;23;4;1;1;4;3;2
3;19;1;1037;12;2;0;0;6;5;4
4;18;1;1038;14;2;0;1;3;5;4
2;18;6;1039;41;6;1;0;4;5;1
3;16;3;1040;26;4;1;0;3;4;1
3;19;4;1041;27;4;1;0;5;3;4
5;19;3;1042;22;4;1;1;3;5;4
3;25;5;1043;29;4;1;0;4;3;4
2;18;4;1044;20;3;0;0;5;2;4
5;13;0;1045;23;4;1;1;1;5;2
3;18;0;1046;25;4;0;0;4;4;3
2;14;2;1047;31;4;0;0;4;3;2
1;19;9;1048;31;4;1;0;4;3;4
2;14;6;1049;26;4;1;0;4;3;4
5;23;1;1050;23;4;1;1;3;3;4
3;12;2;1051;21;4;1;0;5;3;4
5;19;3;1052;25;4;1;0;4;5;3
4;21;2;1053;19;3;0;0;4;2;4
1;8;1;1054;26;4;0;0;4;2;4
2;10;4;1055;30;4;1;0;5;4;3
4;18;2;1056;24;4;1;0;5;5;3
1;12;5;1057;27;4;0;0;5;4;4
3;24;3;1058;32;4;1;0;5;2;4
3;14;0;1059;31;4;0;0;2;5;1
3;16;5;1060;37;5;1;1;3;5;1
3;19;2;1061;22;4;0;0;5;4;4
2;9;2;1062;23;4;0;0;4;2;4
2;14;3;1063;32;5;0;0;5;3;3
3;17;1;1064;26;4;0;0;5;5;1
3;24;5;1065;30;4;1;0;4;5;2
2;17;6;1066;18;3;1;0;6;2;4
2;13;1;1067;14;2;0;1;4;2;4
2;16;5;1068;37;5;1;0;2;5;4
3;18;1;1069;23;4;0;0;5;5;4
2;18;7;1070;24;4;1;0;6;2;4
4;17;0;1071;37;5;1;0;1;6;3
4;19;3;1072;26;4;1;1;3;4;4
3;18;3;1073;18;3;0;0;5;1;3
2;19;5;1074;39;5;1;0;5;4;4
2;23;5;1075;32;5;0;0;5;2;3
2;23;4;1076;25;4;0;0;6;4;3
4;19;2;1077;18;3;1;1;3;3;4
3;19;1;1078;5;1;0;1;5;4;3
5;16;1;1079;31;4;0;0;3;6;3
3;29;2;1080;21;4;0;1;5;2;3
5;13;2;1081;17;3;1;1;2;3;3
3;16;5;1082;40;5;1;0;4;5;4
5;19;2;1083;21;4;0;0;3;4;3
3;19;3;1084;30;4;0;0;5;2;4
3;16;5;1085;22;4;1;0;4;4;4
4;18;0;1086;17;3;0;1;5;4;3
4;22;0;1087;27;4;1;1;4;5;3
4;22;4;1088;27;4;0;0;4;4;3
3;16;2;1089;25;4;0;0;3;4;4
3;18;2;1090;18;3;1;0;4;1;4
4;21;6;1091;26;4;1;0;4;4;4
4;18;3;1092;20;3;0;1;2;2;3
5;18;1;1093;17;3;1;1;3;5;4
1;14;2;1094;27;4;1;0;5;4;4
5;16;1;1095;19;3;1;1;3;2;4
4;21;1;1096;21;4;0;0;5;4;4
2;19;4;1097;24;4;0;0;4;3;3
2;17;1;1098;20;4;0;0;5;2;3
2;13;5;1099;30;4;1;1;4;4;2
1;16;2;1100;35;5;0;0;5;4;3
3;13;4;1101;19;3;1;0;3;5;4
5;16;0;1102;10;2;0;1;2;4;1
3;9;2;1103;18;3;1;1;4;5;2
4;19;2;1104;30;4;1;0;5;6;3
1;18;3;1105;29;4;1;0;5;2;3
3;10;3;1106;37;5;1;0;4;5;2
1;22;5;1107;36;5;1;0;5;5;1
4;19;3;1108;27;4;1;0;4;3;4
3;15;1;1109;25;4;1;0;6;3;3
3;26;6;1110;33;5;1;0;4;2;4
4;15;7;1111;43;6;1;0;4;5;4
3;29;4;1112;25;4;0;0;5;1;4
5;16;0;1113;28;4;1;0;5;3;4
2;21;0;1114;27;4;0;0;3;2;4
3;16;0;1115;16;3;0;1;5;5;4
3;13;3;1116;21;4;1;0;4;5;3
2;24;4;1117;18;3;0;1;5;2;4
2;14;1;1118;23;4;1;0;4;3;1
2;11;2;1119;25;4;0;0;4;3;4
3;23;3;1120;29;4;1;1;3;2;3
3;16;4;1121;23;4;1;0;6;4;4
3;17;3;1122;31;4;1;0;4;5;2
3;17;5;1123;23;4;1;1;4;3;3
3;12;3;1124;39;5;0;0;3;5;1
4;10;3;1125;24;4;1;1;2;5;2
4;16;0;1126;12;2;0;1;1;2;3
2;18;3;1127;36;5;0;0;4;2;3
3;17;3;1128;31;4;1;0;4;4;4
3;22;4;1129;3;1;1;1;6;1;4
3;15;6;1130;30;4;1;1;2;5;3
3;13;5;1131;33;5;1;0;5;6;1
2;18;4;1132;25;4;0;0;4;5;4
3;21;6;1133;34;5;1;0;6;6;1
4;13;2;1134;13;2;1;1;4;4;3
3;24;5;1135;36;5;1;0;5;2;3
4;17;4;1136;29;4;1;0;5;5;4
4;16;3;1137;20;3;0;1;1;5;3
4;14;5;1138;24;4;1;0;4;5;4
2;21;1;1139;22;4;0;1;5;3;3
4;21;5;1140;18;3;1;0;5;5;4
2;22;6;1141;13;2;1;0;4;3;4
4;19;3;1142;18;3;1;1;4;3;4
4;11;1;1143;16;2;1;0;4;4;4
4;13;0;1144;9;2;0;1;3;1;4
3;16;1;1145;18;3;0;0;5;5;4
5;16;2;1146;13;2;1;1;2;4;4
3;20;3;1147;20;4;0;1;4;1;3
4;21;2;1148;23;4;0;1;3;2;3
0;12;7;1149;36;5;1;0;3;4;1
0;21;6;1150;39;5;0;0;5;1;3
2;18;4;1151;22;4;0;0;4;3;3
3;20;0;1152;27;4;0;0;3;2;1
4;19;4;1153;20;4;1;0;4;3;4
3;19;1;1154;27;4;0;1;1;2;3
4;14;1;1155;26;4;1;1;3;4;4
3;20;4;1156;21;4;1;0;4;1;4
3;15;4;1157;21;4;1;0;4;4;4
3;20;4;1158;18;3;1;0;4;4;3
2;17;3;1159;24;4;1;1;3;1;4
3;16;4;1160;29;4;1;0;2;5;1
2;16;5;1161;37;5;1;0;1;4;1
4;17;5;1162;26;4;1;0;3;4;4
4;11;4;1163;39;5;1;0;2;6;4
5;19;1;1164;29;4;1;0;1;2;4
5;16;0;1165;20;4;0;1;2;5;3
3;24;6;1166;29;4;0;0;3;4;4
3;13;2;1167;21;4;1;0;6;5;4
4;13;1;1168;25;4;1;0;1;1;2
3;24;2;1169;14;2;0;0;5;2;4
2;10;1;1170;24;4;1;0;4;5;3
3;19;1;1171;21;4;0;1;4;3;3
2;18;3;1172;23;4;0;0;6;3;3
3;18;2;1173;22;4;0;0;5;3;3
2;17;1;1174;22;4;0;0;4;4;3
4;23;3;1175;20;4;0;1;4;4;3
3;23;3;1176;22;4;0;0;5;4;2
2;20;3;1177;28;4;0;1;4;4;3
3;14;2;1178;23;4;1;0;6;4;4
4;17;2;1179;29;4;0;1;1;5;1
6;18;0;1180;19;3;1;1;1;3;3
3;21;6;1181;17;3;1;0;5;1;4
0;16;7;1182;33;5;1;0;4;2;3
3;17;2;1183;13;2;0;1;4;3;4
3;22;3;1184;19;3;1;0;4;3;3
4;18;2;1185;22;4;0;0;4;4;4
3;22;5;1186;26;4;1;0;4;3;4
3;21;2;1187;16;3;1;0;5;4;4
3;13;5;1188;41;6;1;0;2;5;2
4;12;1;1189;26;4;0;0;3;3;4
4;19;0;1190;17;3;0;1;3;3;3
5;18;1;1191;21;4;1;1;4;4;4
4;19;3;1192;25;4;0;0;5;5;3
2;14;2;1193;30;4;0;0;3;5;3
3;9;2;1194;29;4;1;1;2;5;4
4;20;1;1195;27;4;0;0;6;5;4
4;15;2;1196;12;2;0;1;4;3;3
3;12;2;1197;22;4;0;0;5;6;2
2;20;1;1198;15;2;0;1;6;3;4
1;16;0;1199;24;4;0;0;5;1;3
3;14;2;1200;17;3;1;1;4;4;3
3;19;4;1201;26;4;0;1;2;4;1
3;20;6;1202;26;4;1;0;3;4;3
2;8;3;1203;24;4;1;0;4;5;3
3;20;6;1204;35;5;1;0;4;4;4
3;21;1;1205;25;4;1;0;6;2;4
2;21;6;1206;35;5;1;0;4;4;1
2;19;3;1207;36;5;1;0;6;2;3
2;19;1;1208;27;4;0;0;5;2;3
3;22;3;1209;21;4;0;0;5;2;3
5;27;2;1210;23;4;0;1;5;3;3
4;13;2;1211;25;4;1;0;4;5;4
4;12;1;1212;21;4;1;0;3;5;3
3;20;1;1213;19;3;0;1;3;2;4
5;17;3;1214;27;4;1;0;5;5;3
1;14;5;1215;32;4;1;0;4;5;1
1;25;6;1216;28;4;0;0;5;3;4
1;18;3;1217;16;3;1;1;6;1;4
4;1;1;1218;37;5;1;0;1;6;2
3;26;5;1219;25;4;0;0;5;3;3
5;21;3;1220;24;4;1;0;3;4;4
2;22;2;1221;15;2;0;1;3;1;2
5;16;2;1222;34;5;1;1;1;5;1
4;19;0;1223;25;4;0;1;2;1;3
2;9;4;1224;32;4;1;0;2;5;1
2;21;5;1225;25;4;0;1;2;1;4
4;12;0;1226;17;3;0;0;4;5;2
4;23;2;1227;16;3;1;1;5;3;2
3;22;5;1228;25;4;1;0;5;4;4
4;12;0;1229;14;2;0;0;3;5;3
3;10;4;1230;23;4;1;1;4;3;4
4;12;2;1231;18;3;1;0;4;5;4
3;17;2;1232;20;4;1;0;4;3;4
2;22;3;1233;25;4;0;1;3;3;4
4;20;1;1234;24;4;0;0;3;5;4
3;23;2;1235;19;3;1;1;6;2;3
4;16;7;1236;26;4;1;0;4;4;4
3;17;6;1237;28;4;1;0;5;6;2
2;13;6;1238;38;5;1;0;4;5;3
1;22;1;1239;25;4;0;0;6;1;4
2;30;6;1240;12;2;0;0;5;2;4
2;14;7;1241;24;4;1;0;5;4;3
3;8;0;1242;28;4;1;1;1;5;3
3;19;4;1243;25;4;0;1;4;4;4
1;15;5;1244;19;3;1;0;3;2;4
2;14;2;1245;17;3;0;1;4;4;3
3;18;5;1246;29;4;1;0;4;3;3
5;12;2;1247;39;5;1;0;2;5;3
4;21;4;1248;22;4;1;1;5;5;4
2;15;2;1249;30;4;1;1;2;3;2
4;18;4;1250;25;4;1;0;6;5;3
3;14;4;1251;30;4;1;0;3;5;2
5;18;0;1252;7;1;0;1;3;4;4
3;16;3;1253;36;5;1;0;3;6;3
3;17;3;1254;25;4;1;1;2;5;2
2;25;6;1255;23;4;0;0;5;1;4
1;8;2;1256;28;4;1;0;3;1;3
2;16;8;1257;21;4;1;0;4;1;4
1;19;4;1258;18;3;0;1;6;3;4
5;22;5;1259;29;4;1;0;4;4;4
2;14;5;1260;28;4;1;0;3;3;4
2;13;4;1261;21;4;1;0;5;3;4
3;18;4;1262;32;4;1;0;4;1;3
4;13;2;1263;20;4;1;0;5;5;4
4;19;4;1264;30;4;0;0;4;4;1
3;19;2;1265;31;4;1;1;4;3;1
2;28;4;1266;17;3;0;0;6;1;4
3;14;3;1267;33;5;1;0;5;4;3
4;13;1;1268;27;4;1;1;2;5;1
3;20;1;1269;22;4;0;1;4;1;4
3;19;0;1270;23;4;0;1;3;1;4
3;16;2;1271;20;4;1;1;4;1;4
3;17;2;1272;13;2;1;1;5;5;4
4;27;1;1273;18;3;0;1;5;1;4
4;20;3;1274;30;4;1;0;5;3;3
2;21;3;1275;27;4;0;1;4;2;1
2;22;3;1276;12;2;0;1;5;3;4
3;11;3;1277;41;5;1;0;2;5;3
2;14;3;1278;22;4;0;0;3;1;3
3;22;2;1279;14;2;0;0;5;5;4
5;15;2;1280;25;4;0;0;1;5;3
2;16;1;1281;21;4;0;1;3;2;1
4;9;5;1282;40;5;1;0;4;6;4
2;21;5;1283;31;4;0;1;5;5;4
4;14;4;1284;28;4;1;0;4;6;4
3;17;5;1285;29;4;1;1;3;2;1
2;17;3;1286;9;2;0;0;6;2;3
2;11;4;1287;33;5;0;0;3;5;2
3;16;5;1288;26;4;1;0;3;5;3
3;19;4;1289;27;4;0;0;5;4;3
3;18;3;1290;25;4;0;0;4;3;1
0;8;4;1291;39;5;1;0;4;4;1
4;15;3;1292;17;3;0;1;1;5;3
3;17;5;1293;28;4;0;1;2;3;3
3;19;1;1294;23;4;0;1;5;5;4
3;16;6;1295;24;4;1;1;4;4;3
3;13;3;1296;26;4;1;0;5;6;3
2;21;6;1297;30;4;0;0;4;4;4
4;20;3;1298;26;4;0;0;5;5;3
4;23;6;1299;32;4;1;0;3;3;3
3;16;4;1300;28;4;1;0;5;4;4
2;21;5;1301;29;4;0;0;5;3;3
3;21;3;1302;21;4;0;1;4;2;4
2;22;2;1303;35;5;0;0;4;2;3
4;17;0;1304;18;3;0;0;4;2;2
3;18;7;1305;25;4;1;0;4;3;4
3;19;4;1306;29;4;1;0;3;3;4
2;8;0;1307;17;3;0;0;5;4;4
3;21;2;1308;12;2;0;1;4;4;2
4;22;5;1309;19;3;1;1;5;5;4
2;16;1;1310;27;4;0;0;4;4;3
4;23;7;1311;27;4;1;0;4;3;4
3;18;4;1312;27;4;0;0;2;4;1
2;16;3;1313;29;4;0;0;6;4;1
3;18;4;1314;18;3;0;1;2;4;3
4;13;5;1315;31;4;1;0;2;5;1
1;22;4;1316;24;4;0;0;4;1;2
3;27;4;1317;27;4;0;1;4;1;4
3;8;4;1318;30;4;1;0;4;5;2
3;20;3;1319;21;4;1;1;4;1;4
4;14;0;1320;11;2;0;1;5;5;4
3;18;2;1321;27;4;1;0;4;2;1
3;17;0;1322;28;4;0;0;3;3;3
3;22;4;1323;26;4;1;0;4;4;2
2;17;3;1324;33;5;1;0;4;3;3
3;17;3;1325;23;4;1;0;5;5;3
3;19;4;1326;14;2;0;1;5;5;3
4;26;3;1327;34;5;0;0;2;4;2
4;21;2;1328;20;4;0;0;3;3;4
4;22;6;1329;34;5;1;0;6;6;1
2;23;4;1330;29;4;1;0;4;1;2
2;18;3;1331;20;3;1;0;5;4;3
3;23;0;1332;11;2;0;1;4;1;4
4;23;1;1333;13;2;0;1;5;2;4
3;14;2;1334;15;2;1;0;5;4;4
2;23;4;1335;33;5;0;1;4;2;2
5;5;1;1336;18;3;1;0;1;6;2
3;11;0;1337;23;4;1;1;5;4;3
3;14;4;1338;15;2;0;1;4;4;3
4;14;6;1339;35;5;1;0;4;5;4
4;13;4;1340;36;5;1;0;4;5;3
3;18;3;1341;17;3;1;0;6;3;4
2;21;2;1342;19;3;0;0;6;3;4
4;13;1;1343;24;4;1;1;4;4;3
3;20;5;1344;17;3;0;1;3;4;3
6;21;1;1345;32;5;1;0;1;6;1
3;18;6;1346;32;5;1;0;6;3;3
3;15;3;1347;25;4;1;1;4;5;3
1;23;3;1348;21;4;0;1;4;2;4
3;21;5;1349;21;4;0;1;4;5;4
3;20;2;1350;18;3;0;0;6;4;4
2;19;3;1351;16;3;0;1;5;1;4
2;12;5;1352;24;4;1;0;4;5;4
4;13;1;1353;28;4;0;0;2;4;1
4;13;1;1354;17;3;0;1;4;5;3
4;11;5;1355;23;4;1;1;4;5;3
1;19;1;1356;18;3;0;0;6;2;4
3;12;3;1357;36;5;1;0;4;6;2
3;10;4;1358;34;5;1;0;1;6;2
3;26;2;1359;16;3;0;1;6;4;4
3;12;2;1360;31;4;1;0;4;6;2
3;21;2;1361;25;4;0;0;4;3;4
2;12;4;1362;36;5;1;0;3;5;1
4;23;3;1363;15;2;0;0;5;1;4
3;30;2;1364;27;4;0;1;5;5;1
5;18;1;1365;16;3;0;0;4;5;2
4;16;2;1366;31;4;1;0;3;5;3
1;14;8;1367;32;4;1;0;3;2;2
5;27;0;1368;18;3;0;1;5;1;3
4;19;1;1369;22;4;0;1;2;4;2
2;12;3;1370;26;4;0;0;5;5;3
3;24;4;1371;34;5;1;1;5;4;4
2;17;4;1372;32;4;0;0;4;5;1
5;19;3;1373;28;4;1;0;4;5;4
2;15;4;1374;26;4;1;1;3;4;3
4;19;2;1375;25;4;1;0;4;4;4
2;19;4;1376;30;4;0;0;5;4;2
1;19;6;1377;29;4;0;1;5;2;4
3;19;1;1378;24;4;1;1;4;4;3
3;18;1;1379;22;4;1;1;5;1;4
3;18;4;1380;19;3;1;1;3;6;3
3;24;2;1381;28;4;0;0;4;3;3
3;18;3;1382;18;3;1;0;4;5;4
1;22;3;1383;24;4;0;0;5;2;1
3;12;1;1384;32;4;0;0;1;4;3
3;22;4;1385;31;4;0;0;3;2;3
2;11;1;1386;24;4;1;0;6;4;4
3;15;0;1387;25;4;0;1;3;5;3
2;13;7;1388;27;4;1;0;4;3;4
5;24;7;1389;34;5;1;0;2;4;3
1;17;6;1390;24;4;1;0;4;1;4
4;20;2;1391;21;4;0;0;3;3;3
3;14;2;1392;28;4;0;0;3;3;4
3;12;1;1393;35;5;1;0;2;6;2
4;14;3;1394;20;4;1;0;5;4;4
1;16;3;1395;29;4;1;0;4;5;4
2;17;4;1396;35;5;1;0;2;5;3
4;21;4;1397;26;4;1;0;3;3;4
3;14;5;1398;28;4;1;1;1;3;3
3;17;0;1399;20;4;0;0;4;1;4
1;17;3;1400;30;4;0;0;4;1;3
2;11;4;1401;41;6;1;0;4;5;2
2;19;4;1402;30;4;1;0;3;1;3
4;26;2;1403;12;2;0;1;6;4;4
4;18;3;1404;26;4;1;0;5;5;3
6;10;0;1405;27;4;1;0;3;6;4
4;27;2;1406;18;3;0;1;5;3;4
3;21;5;1407;24;4;1;0;3;2;4
1;8;2;1408;26;4;1;1;6;4;3
4;15;0;1409;29;4;1;1;2;5;2
2;15;1;1410;26;4;0;1;4;5;3
4;29;7;1411;29;4;1;1;5;1;4
3;8;6;1412;38;5;1;0;4;6;1
3;12;3;1413;24;4;1;1;4;5;4
2;21;5;1414;28;4;0;0;4;1;4
2;14;3;1415;29;4;0;1;3;1;2
2;13;0;1416;24;4;1;1;4;3;3
4;14;4;1417;34;5;1;0;1;5;4
4;22;0;1418;14;2;0;0;5;4;3
1;14;5;1419;26;4;1;0;5;3;4
3;25;3;1420;22;4;0;0;4;2;4
2;18;3;1421;25;4;0;0;5;4;3
3;16;2;1422;31;4;0;0;2;3;2
4;19;3;1423;16;3;1;0;6;2;4
1;12;3;1424;15;2;1;0;4;1;4
3;27;1;1425;15;2;0;0;5;1;4
6;19;1;1426;19;3;1;0;5;5;2
4;19;7;1427;25;4;1;0;5;5;4
2;21;4;1428;12;2;1;0;6;4;4
3;16;3;1429;18;3;0;0;4;3;4
2;18;6;1430;28;4;0;0;5;5;1
3;17;4;1431;27;4;1;1;4;4;3
2;10;5;1432;23;4;1;0;5;4;3
4;21;3;1433;17;3;1;1;4;4;4
3;19;1;1434;22;4;1;1;4;4;4
3;24;2;1435;14;2;0;1;6;4;3
4;19;4;1436;14;2;0;1;2;6;4
4;12;4;1437;28;4;1;0;3;4;4
4;19;4;1438;18;3;1;1;4;5;2
4;17;2;1439;29;4;1;0;5;4;3
2;15;1;1440;8;1;0;0;3;2;4
3;17;1;1441;28;4;0;1;2;5;2
3;22;2;1442;39;5;0;0;4;2;3
5;15;0;1443;7;1;0;0;4;5;4
2;10;2;1444;35;5;1;0;4;4;3
3;18;0;1445;26;4;0;0;6;4;4
6;18;1;1446;9;2;0;0;4;5;2
3;12;3;1447;30;4;1;0;4;5;3
3;11;2;1448;23;4;1;0;3;5;4
3;11;2;1449;31;4;1;0;5;5;3
3;14;5;1450;34;5;1;0;2;5;1
3;19;0;1451;6;1;0;1;4;3;4
3;21;3;1452;24;4;0;0;4;1;4
3;22;6;1453;25;4;1;0;5;2;3
4;17;4;1454;33;5;1;0;5;5;4
2;20;0;1455;35;5;0;0;2;1;1
2;18;3;1456;22;4;1;1;4;4;3
3;16;4;1457;28;4;1;1;4;4;4
4;17;3;1458;18;3;1;1;4;4;4
4;19;5;1459;29;4;0;0;4;5;3
2;10;5;1460;23;4;1;0;5;5;4
3;13;0;1461;14;2;1;0;1;2;4
3;12;2;1462;27;4;1;0;4;5;4
4;19;4;1463;20;4;1;0;4;6;4
3;25;3;1464;16;3;1;1;3;1;4
3;16;6;1465;43;6;1;0;2;3;3
2;14;3;1466;23;4;0;1;4;3;4
2;17;1;1467;17;3;1;0;6;2;4
5;22;2;1468;22;4;1;0;4;5;2
2;18;2;1469;12;2;0;0;4;3;4
5;14;4;1470;29;4;1;0;1;5;3
3;11;3;1471;40;5;1;0;3;6;2
3;18;3;1472;19;3;0;0;4;4;3
4;23;6;1473;40;5;1;0;3;5;4
3;18;0;1474;19;3;0;0;3;5;2
2;18;4;1475;19;3;1;1;2;2;4
4;22;4;1476;33;5;1;0;5;2;1
4;30;5;1477;13;2;0;1;3;2;4
3;21;5;1478;16;3;0;1;5;1;4
2;8;3;1479;39;5;1;0;5;6;2
3;19;2;1480;21;4;0;0;4;5;2
4;17;2;1481;22;4;0;1;4;5;3
2;15;6;1482;33;5;1;0;4;4;3
5;24;2;1483;15;2;1;1;6;1;4
3;14;0;1484;13;2;0;1;1;3;4
4;15;3;1485;30;4;1;0;5;4;3
3;13;1;1486;38;5;0;0;4;5;2
2;19;7;1487;39;5;1;0;2;2;3
3;15;0;1488;22;4;0;0;5;5;4
3;22;1;1489;25;4;0;0;5;4;1
3;12;1;1490;20;4;0;1;3;5;4
3;22;2;1491;24;4;0;1;5;4;3
2;27;8;1492;16;3;1;0;6;1;4
2;9;5;1493;17;3;0;0;5;5;4
1;20;7;1494;28;4;1;0;6;2;4
3;17;2;1495;26;4;1;0;4;4;4
1;11;5;1496;33;5;1;0;4;3;3
3;20;2;1497;12;2;1;1;5;4;4
3;14;3;1498;33;5;1;1;1;4;3
4;16;3;1499;22;4;1;0;4;5;4
4;18;0;1500;9;2;0;1;5;6;4
1;24;2;1501;13;2;0;1;5;1;3
4;24;2;1502;25;4;0;0;2;2;4
2;21;5;1503;33;5;0;0;4;4;1
3;22;1;1504;18;3;0;0;6;1;4
3;12;2;1505;17;3;1;0;4;5;3
3;26;3;1506;22;4;0;0;5;2;4
5;22;5;1507;26;4;1;1;2;2;4
4;20;1;1508;27;4;0;1;2;5;3
2;15;3;1509;18;3;0;0;6;4;4
1;15;2;1510;22;4;0;1;4;2;4
3;19;2;1511;26;4;0;1;2;5;2
2;23;3;1512;20;4;0;1;3;1;3
4;12;2;1513;25;4;1;0;2;4;4
3;23;3;1514;23;4;0;0;5;4;3
2;18;3;1515;16;3;0;0;6;3;4
2;9;1;1516;29;4;1;0;1;3;3
1;11;0;1517;33;5;0;0;5;1;3
2;22;6;1518;26;4;0;1;4;2;4
2;14;5;1519;32;4;1;0;4;4;3
3;21;4;1520;33;5;1;0;4;4;1
1;14;3;1521;25;4;0;0;4;2;3
1;13;5;1522;32;4;1;0;4;4;2
2;14;1;1523;24;4;0;0;5;4;4
3;19;3;1524;30;4;1;1;4;5;3
3;26;1;1525;15;2;0;0;5;1;3
3;18;4;1526;22;4;0;1;3;4;4
3;11;7;1527;38;5;1;0;2;3;3
2;21;3;1528;24;4;1;1;5;4;3
3;16;7;1529;35;5;1;0;5;4;3
4;13;1;1530;22;4;1;1;4;4;4
4;15;0;1531;24;4;1;0;5;3;4
3;11;1;1532;44;6;0;0;3;6;2
2;11;0;1533;24;4;1;0;3;3;3
3;17;0;1534;19;3;0;1;2;4;3
4;22;2;1535;22;4;0;1;5;5;4
4;15;1;1536;27;4;0;1;4;5;3
3;19;7;1537;28;4;1;0;3;3;3
4;13;2;1538;22;4;0;0;3;5;4
3;17;6;1539;34;5;1;0;5;4;3
3;19;0;1540;17;3;0;0;4;1;4
4;16;6;1541;37;5;1;0;5;4;3
3;16;6;1542;31;4;1;0;4;6;2
3;21;3;1543;20;4;0;0;5;4;4
2;9;1;1544;26;4;1;1;5;5;4
3;24;0;1545;17;3;0;1;3;4;3
2;23;8;1546;17;3;1;0;5;1;4
2;16;4;1547;19;3;0;1;4;4;3
4;12;1;1548;31;4;1;0;4;4;3
4;12;1;1549;37;5;1;0;3;5;1
3;23;3;1550;26;4;0;0;5;2;1
4;19;4;1551;28;4;0;1;1;2;2
4;17;2;1552;28;4;1;0;4;3;4
4;14;2;1553;23;4;1;0;5;5;4
4;18;0;1554;38;5;1;0;3;6;1
4;17;2;1555;23;4;1;0;4;4;3
3;22;7;1556;24;4;1;0;5;4;4
3;19;4;1557;32;4;1;0;4;5;3
3;13;5;1558;36;5;1;0;3;5;2
4;17;2;1559;19;3;0;1;3;5;4
3;23;5;1560;23;4;0;1;3;3;2
1;20;5;1561;24;4;0;0;5;3;1
3;16;3;1562;17;3;1;1;3;5;1
5;9;5;1563;32;5;1;0;4;6;3
3;20;4;1564;26;4;1;1;3;4;3
4;19;4;1565;25;4;0;1;2;3;3
2;22;6;1566;23;4;1;0;4;1;4
2;20;4;1567;26;4;1;0;4;4;4
5;17;2;1568;23;4;1;0;4;5;2
5;17;1;1569;18;3;0;0;3;5;1
4;21;1;1570;22;4;0;1;3;4;3
4;22;4;1571;13;2;1;0;5;1;4
3;19;3;1572;27;4;0;0;3;5;1
3;20;3;1573;16;3;0;0;4;1;3
3;23;4;1574;26;4;0;1;3;4;3
1;11;3;1575;31;4;0;0;3;3;4
2;17;4;1576;28;4;1;0;3;1;4
3;19;2;1577;24;4;1;0;5;4;4
4;16;2;1578;20;3;0;0;3;5;4
2;21;5;1579;28;4;1;0;5;1;4
4;14;2;1580;19;3;1;1;4;5;3
3;15;3;1581;27;4;1;1;4;5;4
3;20;3;1582;22;4;0;1;4;6;3
2;17;2;1583;28;4;1;0;5;4;1
2;18;4;1584;33;5;1;0;4;2;3
4;23;4;1585;20;3;0;0;5;5;3
5;18;2;1586;22;4;1;0;4;6;1
4;20;0;1587;19;3;0;0;5;5;4
2;19;1;1588;20;4;0;1;4;2;4
3;23;4;1589;18;3;1;1;5;3;2
3;14;1;1590;23;4;1;0;1;3;4
3;23;4;1591;27;4;1;0;5;3;4
2;13;3;1592;30;4;1;1;3;5;4
4;16;3;1593;20;4;1;1;4;4;4
2;6;4;1594;32;4;1;0;3;5;3
4;14;5;1595;29;4;1;1;3;6;3
5;12;0;1596;12;2;1;1;4;3;4
3;14;2;1597;28;4;1;0;5;6;3
3;22;7;1598;28;4;0;1;3;4;3
2;13;1;1599;22;4;1;0;5;2;4
4;14;5;1600;32;5;1;0;3;5;3
3;14;4;1601;34;5;1;0;5;6;3
4;22;2;1602;22;4;0;0;4;2;4
3;21;6;1603;30;4;1;0;1;4;2
2;9;3;1604;28;4;1;0;3;4;4
4;19;4;1605;15;2;1;0;6;4;4
2;14;2;1606;25;4;0;1;2;3;1
4;26;1;1607;13;2;0;1;5;5;3
3;11;3;1608;28;4;1;0;4;5;3
4;16;0;1609;1;1;0;1;3;4;4
3;16;1;1610;13;2;0;1;4;3;4
4;17;2;1611;14;2;1;1;4;5;3
4;23;6;1612;32;5;1;0;4;5;2
2;18;5;1613;19;3;0;0;4;1;4
3;16;1;1614;21;4;0;0;5;4;4
2;13;7;1615;37;5;1;0;2;4;1
3;18;3;1616;20;3;1;0;6;4;4
2;13;5;1617;24;4;1;0;5;4;4
4;11;0;1618;19;3;1;0;4;5;2
5;28;1;1619;13;2;1;1;6;3;4
3;19;1;1620;29;4;1;0;6;4;4
4;13;1;1621;31;4;0;0;4;6;2
1;19;0;1622;33;5;0;0;4;1;4
5;20;3;1623;28;4;1;1;5;5;3
4;13;2;1624;32;4;1;0;3;6;3
4;8;1;1625;22;4;1;1;1;5;1
4;21;6;1626;11;2;1;0;4;4;3
3;24;3;1627;27;4;0;1;5;3;3
3;16;3;1628;33;5;1;0;3;5;4
3;17;5;1629;24;4;1;0;5;5;2
3;14;1;1630;23;4;0;1;2;3;2
4;22;0;1631;26;4;0;1;5;4;2
3;17;1;1632;16;3;0;1;5;2;3
2;17;3;1633;23;4;0;0;4;2;3
3;18;4;1634;20;4;0;1;3;3;3
1;8;3;1635;31;4;1;0;2;3;1
4;19;5;1636;24;4;1;1;4;4;4
3;16;6;1637;28;4;1;1;4;5;3
2;20;0;1638;24;4;0;0;4;1;3
3;14;3;1639;21;4;1;0;4;3;4
5;21;2;1640;17;3;1;0;3;5;3
3;21;3;1641;26;4;0;0;5;4;3
3;7;3;1642;28;4;1;0;2;5;4
3;13;2;1643;20;4;1;0;5;3;3
3;18;2;1644;33;5;0;1;5;6;2
4;14;1;1645;17;3;1;0;3;4;4
3;11;4;1646;33;5;1;0;5;5;2
3;11;2;1647;33;5;1;0;2;5;4
2;13;3;1648;30;4;0;0;2;5;4
3;15;2;1649;19;3;0;1;3;2;4
2;14;3;1650;35;5;1;0;4;4;3
4;21;2;1651;29;4;0;0;4;1;4
4;16;0;1652;22;4;1;1;6;3;4
3;25;5;1653;27;4;0;1;4;1;4
2;24;5;1654;32;4;1;0;5;1;2
4;23;0;1655;16;3;0;1;5;1;4
4;25;7;1656;35;5;1;0;4;5;1
1;12;3;1657;36;5;1;0;5;2;3
3;14;4;1658;24;4;1;0;4;5;3
5;18;1;1659;20;4;1;0;3;3;4
4;20;2;1660;26;4;1;0;4;4;4
3;9;0;1661;26;4;0;0;4;6;4
2;10;4;1662;32;4;1;0;3;5;1
1;17;3;1663;28;4;0;1;5;3;1
1;13;4;1664;32;4;1;0;5;1;2
4;23;0;1665;9;2;0;1;6;3;4
1;17;4;1666;36;5;0;0;4;3;2
3;13;5;1667;26;4;1;0;6;6;4
2;18;2;1668;27;4;0;1;3;1;3
2;22;6;1669;27;4;1;0;4;4;4
4;17;0;1670;15;2;0;1;5;6;4
6;12;0;1671;13;2;1;1;4;5;4
4;17;4;1672;19;3;1;0;4;3;4
1;12;3;1673;33;5;1;0;4;3;2
3;23;2;1674;24;4;0;1;4;2;3
4;25;6;1675;24;4;0;1;5;5;4
5;11;0;1676;11;2;1;0;4;5;2
1;18;3;1677;23;4;0;1;2;3;3
3;17;3;1678;37;5;1;1;1;4;1
4;13;3;1679;28;4;1;1;2;6;3
3;11;2;1680;20;4;1;1;3;4;3
3;26;4;1681;28;4;0;0;2;2;3
3;22;6;1682;23;4;1;1;4;1;2
3;22;3;1683;15;2;0;0;2;3;3
2;21;5;1684;18;3;0;1;4;1;4
3;18;0;1685;14;2;0;1;4;2;3
2;17;7;1686;45;6;1;0;5;4;3
3;23;2;1687;24;4;0;1;4;2;4
3;22;3;1688;26;4;1;0;6;4;4
3;20;2;1689;24;4;0;1;4;4;1
4;12;5;1690;37;5;1;0;2;5;1
3;18;3;1691;27;4;0;0;4;3;2
2;26;7;1692;21;4;0;1;4;2;4
2;11;3;1693;31;4;1;0;4;5;4
4;17;1;1694;23;4;1;1;2;4;4
4;19;5;1695;23;4;1;0;4;5;3
2;13;2;1696;25;4;1;0;5;4;2
3;21;3;1697;16;3;0;0;5;3;4
4;26;4;1698;20;4;1;1;4;4;4
4;26;3;1699;18;3;0;0;5;5;2
4;16;5;1700;24;4;1;1;4;6;3
3;11;2;1701;20;4;1;1;4;2;2
4;22;5;1702;26;4;1;1;3;2;2
4;25;6;1703;25;4;1;1;2;2;3
3;19;5;1704;34;5;1;0;2;6;1
1;24;6;1705;34;5;0;1;6;2;3
2;22;6;1706;31;4;1;0;4;2;4
4;11;0;1707;13;2;1;0;4;5;1
3;20;2;1708;25;4;1;1;1;2;3
3;23;3;1709;24;4;1;0;4;1;4
4;22;1;1710;28;4;0;1;4;4;4
2;16;2;1711;36;5;0;0;4;2;1
5;25;6;1712;21;4;1;0;4;5;4
4;16;0;1713;18;3;0;1;4;2;4
2;18;6;1714;31;4;1;0;4;5;3
2;19;1;1715;28;4;0;1;4;1;2
3;12;1;1716;18;3;0;1;4;5;4
3;10;1;1717;26;4;1;0;3;5;3
4;21;4;1718;23;4;1;0;5;5;4
4;16;4;1719;26;4;1;1;5;4;4
2;26;6;1720;16;3;0;1;4;1;3
5;15;1;1721;17;3;0;0;4;5;4
3;13;3;1722;27;4;1;1;3;4;3
3;22;6;1723;20;4;1;0;5;5;2
2;14;4;1724;33;5;1;0;3;5;3
5;22;2;1725;24;4;0;1;3;4;2
4;27;3;1726;24;4;1;0;5;4;4
3;18;6;1727;25;4;1;1;4;4;1
3;21;3;1728;25;4;0;1;6;4;4
2;22;2;1729;20;4;0;0;6;3;3
4;15;2;1730;23;4;1;0;4;6;4
4;17;0;1731;20;4;0;0;5;4;4
4;12;3;1732;28;4;1;0;2;4;4
3;20;4;1733;23;4;0;0;4;2;3
3;18;2;1734;29;4;1;0;3;2;4
4;9;0;1735;21;4;1;0;4;3;3
4;15;3;1736;31;4;1;0;3;5;1
4;20;2;1737;19;3;0;1;6;4;4
3;9;3;1738;25;4;0;0;3;4;3
2;24;3;1739;12;2;0;0;6;1;4
4;12;4;1740;23;4;1;1;4;5;4
5;20;2;1741;37;5;0;0;3;5;1
2;11;4;1742;23;4;1;1;3;4;3
1;19;3;1743;25;4;0;0;4;3;3
2;16;2;1744;31;4;0;1;2;4;1
4;13;0;1745;19;3;1;0;5;5;4
3;15;1;1746;27;4;0;1;3;4;2
3;20;1;1747;23;4;0;0;5;6;3
3;20;7;1748;22;4;1;0;3;4;3
3;22;1;1749;12;2;0;0;5;2;4
4;22;3;1750;28;4;0;0;4;1;3
3;16;2;1751;23;4;1;0;1;3;4
1;17;3;1752;19;3;1;0;4;1;4
4;24;2;1753;1;1;1;1;5;4;4
3;7;2;1754;31;4;1;0;2;5;4
4;16;1;1755;15;2;1;1;6;2;4
4;21;2;1756;27;4;1;0;6;3;4
1;17;4;1757;26;4;0;0;5;4;3
3;19;0;1758;13;2;0;0;5;2;4
3;17;3;1759;22;4;0;1;4;2;4
4;20;3;1760;18;3;0;1;5;3;4
4;14;0;1761;16;3;1;1;5;5;3
4;14;0;1762;7;1;0;1;5;2;4
4;17;5;1763;30;4;1;1;3;5;3
2;23;2;1764;20;4;0;0;4;3;3
3;15;5;1765;37;5;1;0;2;5;4
3;14;2;1766;17;3;1;0;5;4;4
3;11;0;1767;25;4;0;0;2;5;3
2;11;4;1768;42;6;1;0;3;5;1
3;14;2;1769;30;4;1;0;4;5;2
4;9;0;1770;32;5;1;0;1;5;3
3;22;3;1771;20;4;0;1;6;5;4
5;17;5;1772;33;5;1;0;3;5;3
3;19;2;1773;11;2;0;0;4;5;3
2;6;0;1774;27;4;0;1;1;5;3
4;26;4;1775;28;4;1;1;6;1;4
4;19;7;1776;24;4;0;1;1;4;4
2;21;5;1777;22;4;0;0;5;5;2
3;21;4;1778;23;4;1;0;4;3;4
3;16;0;1779;19;3;0;0;5;4;4
3;21;3;1780;27;4;1;0;3;3;3
3;22;6;1781;33;5;1;0;5;3;4
4;9;2;1782;33;5;1;0;5;6;3
3;14;5;1783;25;4;1;0;4;4;4
1;12;4;1784;30;4;0;0;4;5;3
4;13;1;1785;24;4;1;0;4;6;4
3;14;0;1786;16;3;0;1;5;4;4
3;17;3;1787;26;4;1;1;4;3;1
4;21;4;1788;25;4;0;0;4;4;3
3;19;1;1789;26;4;1;1;4;2;2
5;18;1;1790;10;2;0;1;3;5;4
4;24;5;1791;29;4;1;0;4;5;1
2;19;0;1792;28;4;0;0;6;4;4
2;17;4;1793;16;3;1;0;5;3;3
3;22;4;1794;28;4;0;0;2;4;2
3;21;7;1795;30;4;1;0;4;4;2
4;21;1;1796;28;4;0;1;4;5;4
3;18;1;1797;24;4;0;1;3;4;4
2;19;3;1798;32;5;0;1;2;3;3
4;22;5;1799;20;4;0;0;3;3;3
2;17;5;1800;28;4;1;1;4;5;4
4;9;5;1801;37;5;1;0;3;6;1
3;26;4;1802;34;5;0;0;5;1;3
4;18;1;1803;16;3;1;0;6;3;4
3;9;5;1804;35;5;1;0;2;5;2
1;23;4;1805;23;4;0;1;4;1;3
2;14;3;1806;29;4;1;0;3;1;3
4;10;0;1807;29;4;1;0;4;5;3
4;16;1;1808;17;3;1;0;4;4;4
3;17;0;1809;19;3;0;0;6;4;1
3;17;6;1810;31;4;1;0;1;3;4
2;16;6;1811;40;5;1;0;2;1;4
3;23;6;1812;24;4;1;0;5;3;4
3;7;3;1813;23;4;1;1;4;6;1
1;14;4;1814;25;4;0;0;4;1;3
4;11;0;1815;13;2;1;1;4;5;3
4;14;0;1816;16;3;0;1;4;5;4
2;23;4;1817;26;4;0;0;3;3;2
3;20;0;1818;18;3;0;1;2;1;4
5;15;1;1819;20;3;1;1;5;5;4
3;21;0;1820;24;4;0;0;5;3;2
4;18;6;1821;40;5;1;0;5;5;4
4;15;1;1822;22;4;1;0;5;3;4
2;15;5;1823;28;4;1;0;3;1;4
4;14;3;1824;17;3;1;1;3;5;4
5;19;1;1825;22;4;0;1;3;4;2
2;22;2;1826;25;4;0;1;4;1;2
2;19;6;1827;22;4;0;0;1;2;4
3;11;0;1828;20;4;0;1;4;5;2
1;23;3;1829;22;4;0;1;4;1;3
1;17;4;1830;28;4;1;0;4;1;2
5;11;2;1831;12;2;1;0;4;6;4
2;19;3;1832;34;5;1;0;4;1;3
2;16;2;1833;32;5;0;0;4;4;1
3;12;3;1834;18;3;0;1;1;4;1
3;23;6;1835;23;4;0;0;4;3;4
3;17;2;1836;18;3;0;1;5;4;4
3;13;4;1837;27;4;1;1;4;6;4
2;19;6;1838;32;5;1;0;5;5;3
4;24;4;1839;35;5;0;0;4;4;2
4;11;1;1840;22;4;1;0;5;3;4
4;20;0;1841;12;2;0;1;4;5;3
0;19;3;1842;18;3;0;0;6;1;4
1;12;3;1843;30;4;0;0;1;4;3
2;22;3;1844;23;4;0;1;5;2;2
3;19;1;1845;15;2;1;1;3;2;4
4;26;3;1846;23;4;0;0;5;4;4
3;11;1;1847;24;4;0;1;2;5;1
6;7;0;1848;11;2;1;1;3;5;4
2;18;6;1849;20;4;1;0;5;4;4
4;19;3;1850;26;4;1;0;3;4;4
2;29;3;1851;18;3;0;0;6;3;3
2;18;5;1852;30;4;1;0;5;3;4
3;12;3;1853;27;4;1;0;4;6;4
4;13;1;1854;27;4;1;0;3;6;3
4;17;4;1855;20;4;1;0;4;4;4
3;14;0;1856;41;5;1;0;2;3;2
3;12;2;1857;14;2;0;1;4;4;4
3;28;4;1858;22;4;0;0;5;1;3
5;24;0;1859;13;2;1;1;5;1;4
3;16;4;1860;33;5;1;0;4;4;3
3;18;3;1861;16;3;1;1;3;3;3
3;15;3;1862;25;4;1;1;5;4;4
2;12;5;1863;41;6;1;0;1;4;1
4;17;3;1864;31;4;1;0;4;5;4
4;19;5;1865;30;4;1;0;6;3;4
3;12;0;1866;19;3;0;1;2;2;4
3;22;3;1867;27;4;0;0;5;4;4
3;13;4;1868;35;5;1;0;2;5;2
3;13;1;1869;31;4;0;0;4;2;2
2;16;0;1870;25;4;0;0;3;2;4
3;15;4;1871;26;4;1;0;4;4;2
3;17;5;1872;33;5;1;0;2;6;2
3;17;3;1873;31;4;1;0;3;3;4
4;21;2;1874;19;3;0;1;3;4;4
3;25;8;1875;26;4;0;0;5;4;3
4;23;3;1876;19;3;1;0;6;1;4
4;12;1;1877;32;4;1;0;4;3;4
3;22;2;1878;17;3;0;0;5;2;4
5;20;0;1879;20;4;1;1;1;1;3
2;25;1;1880;33;5;0;0;4;1;1
2;15;5;1881;27;4;0;0;4;4;4
3;16;4;1882;28;4;1;0;6;4;4
3;11;4;1883;32;4;1;1;1;5;3
3;17;1;1884;32;4;0;0;4;5;3
4;15;0;1885;16;3;0;0;4;5;3
4;11;1;1886;23;4;1;1;3;5;2
4;17;0;1887;33;5;1;0;3;2;3
3;17;5;1888;22;4;1;0;4;1;4
5;17;0;1889;16;3;1;1;5;6;1
2;19;4;1890;27;4;1;0;4;4;4
3;19;2;1891;23;4;0;0;4;1;4
4;12;0;1892;24;4;0;0;4;5;3
3;24;5;1893;35;5;0;0;4;5;2
6;20;0;1894;23;4;1;1;4;5;4
3;18;5;1895;24;4;1;0;4;6;1
2;7;0;1896;20;4;0;0;5;5;4
5;21;1;1897;29;4;1;1;2;4;3
3;22;0;1898;23;4;0;1;3;2;1
2;22;8;1899;26;4;1;0;3;1;4
5;24;4;1900;3;1;1;0;5;4;4
2;20;3;1901;18;3;0;1;5;4;3
3;15;5;1902;26;4;1;1;4;5;2
5;16;5;1903;30;4;1;0;3;5;4
4;21;6;1904;28;4;1;0;4;5;3
3;18;2;1905;33;5;1;1;6;4;3
3;13;2;1906;25;4;1;0;4;4;4
3;21;0;1907;13;2;0;1;4;5;2
3;14;4;1908;29;4;1;0;4;4;4
2;17;5;1909;23;4;0;1;4;3;3
2;20;4;1910;15;2;0;1;5;2;4
2;15;6;1911;21;4;1;0;5;3;4
4;19;1;1912;20;4;0;1;5;4;3
4;14;0;1913;24;4;1;1;2;5;2
3;19;1;1914;28;4;0;1;3;3;1
3;17;3;1915;26;4;0;1;3;4;2
3;17;4;1916;22;4;1;0;4;6;4
4;19;5;1917;29;4;1;0;3;5;2
5;18;0;1918;16;3;0;1;3;5;4
4;9;0;1919;28;4;1;0;2;6;3
2;20;6;1920;25;4;1;1;6;2;3
2;18;5;1921;28;4;0;0;3;1;4
4;16;0;1922;25;4;0;0;5;5;4
3;19;3;1923;18;3;0;1;3;3;4
3;18;2;1924;22;4;0;1;1;5;4
5;15;0;1925;24;4;1;1;5;5;2
4;29;4;1926;22;4;0;1;6;1;3
1;8;1;1927;31;4;0;0;3;4;2
2;16;6;1928;29;4;1;1;1;2;2
2;15;1;1929;30;4;0;0;4;5;4
2;17;4;1930;31;4;1;0;4;1;3
3;3;1;1931;25;4;1;0;3;6;3
2;22;7;1932;30;4;0;1;4;1;4
4;9;3;1933;32;4;1;0;3;5;2
3;17;3;1934;30;4;0;1;4;4;4
3;17;1;1935;23;4;1;0;5;4;3
4;19;3;1936;23;4;1;0;5;3;4
4;17;2;1937;15;2;0;1;4;4;3
3;14;4;1938;24;4;1;0;2;5;3
3;23;6;1939;37;5;1;0;4;4;2
3;14;4;1940;33;5;1;0;2;4;2
4;6;4;1941;28;4;1;0;2;5;4
3;16;1;1942;24;4;1;0;5;3;4
2;16;6;1943;23;4;1;0;3;4;4
3;18;3;1944;24;4;0;0;5;4;3
3;16;2;1945;31;4;1;0;5;3;2
5;18;1;1946;17;3;1;1;5;5;4
4;16;4;1947;31;4;1;1;2;6;3
4;14;4;1948;28;4;0;0;4;4;1
4;14;2;1949;23;4;1;0;4;5;4
2;25;6;1950;26;4;0;0;5;2;3
3;16;2;1951;15;2;1;0;5;2;4
4;20;2;1952;22;4;1;0;3;6;1
2;19;4;1953;23;4;1;1;4;4;2
3;7;4;1954;32;4;1;0;1;6;3
2;17;5;1955;41;5;1;0;3;5;3
4;18;3;1956;28;4;1;1;2;2;3
3;12;0;1957;20;4;1;0;6;4;4
4;17;4;1958;19;3;0;0;4;5;4
2;22;5;1959;34;5;1;0;3;1;4
3;16;5;1960;20;4;1;0;5;4;4
2;14;4;1961;39;5;1;1;4;4;2
2;18;5;1962;25;4;0;0;4;2;4
4;20;3;1963;20;4;1;0;5;4;4
2;20;5;1964;26;4;1;0;4;1;4
4;16;1;1965;19;3;0;1;4;5;2
3;6;2;1966;34;5;1;0;1;4;3
4;22;2;1967;26;4;1;0;2;2;3
2;17;2;1968;24;4;0;0;5;3;4
3;18;3;1969;27;4;0;0;4;1;4
3;15;2;1970;21;4;0;0;3;1;3
4;15;0;1971;5;1;1;0;4;5;4
5;8;0;1972;17;3;1;1;1;1;4
4;17;3;1973;25;4;1;1;4;3;3
4;19;4;1974;21;4;1;0;2;3;1
5;14;2;1975;16;3;1;1;3;5;4
3;12;0;1976;21;4;0;1;2;4;4
4;19;3;1977;20;4;1;1;5;2;4
3;23;2;1978;18;3;0;1;3;1;2
5;11;3;1979;27;4;1;0;3;5;3
3;11;4;1980;39;5;1;0;4;5;2
4;12;4;1981;23;4;1;0;2;4;4
1;18;2;1982;12;2;0;1;4;1;3
4;15;4;1983;26;4;1;0;2;4;4
3;19;4;1984;28;4;1;0;5;3;2
3;19;1;1985;26;4;0;1;4;3;4
3;19;1;1986;23;4;0;0;4;1;2
3;14;3;1987;29;4;1;1;4;3;4
1;11;5;1988;18;3;1;1;5;5;4
4;12;1;1989;28;4;1;1;5;5;2
4;16;3;1990;26;4;1;0;3;5;3
3;8;1;1991;23;4;1;0;3;4;1
3;17;4;1992;23;4;1;0;4;5;4
3;18;3;1993;22;4;0;0;2;2;3
4;12;4;1994;26;4;1;1;2;5;3
2;18;2;1995;29;4;0;0;4;2;2
2;19;1;1996;19;3;0;0;6;3;2
2;12;3;1997;12;2;0;1;3;5;3
3;8;0;1998;29;4;1;1;4;4;3
3;18;5;1999;24;4;1;0;5;4;3
5;19;5;2000;9;2;1;0;4;4;4
3;19;3;2001;14;2;1;1;4;5;4
4;12;0;2002;23;4;1;1;4;5;2
2;17;1;2003;24;4;0;1;3;5;3
4;14;1;2004;19;3;1;1;4;6;2
3;18;2;2005;28;4;0;0;3;4;4
2;11;2;2006;20;4;1;0;5;5;4
4;16;6;2007;28;4;1;0;6;6;3
3;24;2;2008;27;4;1;0;5;5;3
2;24;3;2009;17;3;0;1;5;1;4
5;16;0;2010;10;2;1;1;4;4;4
2;6;2;2011;26;4;0;0;1;5;1
3;15;7;2012;30;4;1;0;5;6;3
5;23;2;2013;22;4;1;1;5;1;3
2;14;2;2014;38;5;1;0;4;5;3
3;15;2;2015;34;5;0;0;4;3;3
3;20;6;2016;27;4;1;1;4;4;3
4;14;2;2017;25;4;1;1;2;5;2
4;18;2;2018;18;3;1;1;4;2;4
5;15;3;2019;24;4;1;0;4;6;4
3;8;2;2020;29;4;1;0;1;4;3
4;21;3;2021;24;4;0;1;2;5;1
3;13;5;2022;34;5;1;1;2;5;2
2;19;0;2023;30;4;0;0;1;2;3
3;16;3;2024;20;4;0;1;1;2;4
4;19;1;2025;28;4;1;1;2;3;3
2;23;5;2026;21;4;1;0;6;1;4
2;15;5;2027;27;4;0;1;3;3;1
3;12;0;2028;22;4;0;0;5;2;4
3;10;2;2029;35;5;1;0;3;5;3
1;22;7;2030;24;4;0;0;6;2;4
1;9;2;2031;23;4;1;1;4;4;3
5;14;0;2032;19;3;0;1;3;4;4
3;20;5;2033;26;4;1;1;5;4;2
3;12;5;2034;36;5;1;0;2;5;3
3;23;3;2035;30;4;1;0;4;1;4
4;18;3;2036;25;4;0;0;4;4;4
3;22;3;2037;25;4;0;0;5;2;3
4;15;2;2038;24;4;1;0;4;5;3
4;17;3;2039;31;4;1;0;5;4;2
1;14;2;2040;25;4;0;0;1;4;1
3;19;7;2041;28;4;1;0;3;4;4
2;9;6;2042;24;4;1;0;4;2;4
2;19;3;2043;26;4;0;0;4;4;1
2;13;5;2044;18;3;0;1;4;1;4
3;24;3;2045;16;3;0;1;5;2;4
2;15;1;2046;25;4;0;0;4;3;4
3;22;4;2047;33;5;1;0;4;1;4
4;17;4;2048;27;4;1;0;5;5;2
3;23;2;2049;21;4;0;1;5;5;1
4;13;1;2050;18;3;0;1;2;3;4
3;24;1;2051;23;4;1;1;6;1;3
2;26;4;2052;21;4;0;0;4;4;4
3;16;5;2053;29;4;1;0;4;6;4
2;21;3;2054;18;3;0;1;5;1;4
3;27;4;2055;26;4;1;0;4;1;3
3;19;7;2056;32;4;1;0;3;2;4
3;17;7;2057;27;4;1;0;4;5;4
2;12;7;2058;39;5;1;0;2;1;1
3;23;5;2059;20;4;1;0;6;5;3
2;20;4;2060;26;4;0;0;4;5;3
3;17;1;2061;28;4;0;0;4;3;3
3;16;0;2062;22;4;0;0;4;5;3
3;12;2;2063;34;5;1;0;4;5;3
4;22;3;2064;22;4;0;0;5;1;4
2;11;5;2065;36;5;1;0;5;6;2
4;21;2;2066;19;3;0;0;4;2;3
3;19;4;2067;38;5;1;0;2;6;1
2;13;1;2068;22;4;0;0;3;2;4
3;17;1;2069;27;4;0;1;4;3;3
3;16;2;2070;22;4;0;1;4;5;3
4;17;3;2071;30;4;1;0;3;5;2
3;18;3;2072;23;4;0;1;4;3;3
1;16;6;2073;34;5;1;0;4;4;1
3;9;6;2074;32;5;1;0;1;6;3
3;24;4;2075;16;3;0;0;4;4;3
6;19;4;2076;27;4;1;1;5;5;4
3;7;1;2077;34;5;1;0;3;5;3
2;19;7;2078;27;4;1;0;5;2;4
4;24;4;2079;15;2;1;1;4;5;2
2;21;3;2080;23;4;0;0;6;4;4
3;16;3;2081;33;5;1;1;2;2;4
2;19;5;2082;35;5;1;0;5;2;4
3;27;4;2083;15;2;1;1;5;1;4
2;16;2;2084;24;4;1;0;3;2;3
1;8;2;2085;33;5;0;1;4;5;1
4;17;4;2086;36;5;1;1;3;5;1
5;14;0;2087;25;4;1;0;2;6;4
3;27;2;2088;16;3;0;1;6;4;4
3;14;0;2089;13;2;0;0;3;3;4
3;24;1;2090;24;4;0;1;2;4;4
3;16;4;2091;24;4;1;1;3;5;4
2;21;7;2092;32;4;1;0;6;2;4
4;17;2;2093;20;4;0;0;3;3;3
4;18;3;2094;34;5;1;0;3;4;1
2;18;5;2095;30;4;0;0;4;3;4
2;16;3;2096;40;5;1;0;5;5;2
1;28;3;2097;28;4;0;0;5;2;3
5;17;0;2098;26;4;1;0;5;5;3
2;16;8;2099;34;5;1;0;5;6;4
2;15;3;2100;27;4;0;0;5;5;2
3;7;4;2101;25;4;1;0;6;6;4
4;18;4;2102;22;4;1;0;4;4;4
2;12;4;2103;29;4;1;0;3;2;4
2;17;1;2104;30;4;0;1;4;1;4
3;23;2;2105;17;3;0;1;4;4;2
1;16;0;2106;29;4;1;0;6;1;3
5;18;3;2107;23;4;1;1;5;5;4
4;16;2;2108;30;4;1;1;3;4;1
4;12;4;2109;40;5;1;0;4;5;4
5;18;2;2110;19;3;1;0;3;3;4
4;16;5;2111;35;5;1;0;4;6;3
4;14;0;2112;15;2;0;0;5;5;4
4;16;1;2113;24;4;1;0;3;2;4
2;21;4;2114;17;3;0;0;5;1;4
4;16;2;2115;26;4;1;0;3;5;3
3;14;1;2116;19;3;0;0;4;5;2
4;21;4;2117;26;4;1;0;5;5;4
3;18;4;2118;22;4;0;0;5;4;4
2;18;3;2119;26;4;0;0;4;5;2
5;16;5;2120;29;4;1;1;2;2;3
3;16;4;2121;21;4;1;0;3;5;4
3;23;4;2122;13;2;0;0;5;3;3
3;17;4;2123;36;5;1;0;5;2;4
0;12;3;2124;33;5;0;0;2;2;4
3;14;2;2125;19;3;1;0;4;3;2
2;17;3;2126;22;4;0;0;5;1;4
3;19;4;2127;25;4;0;0;1;5;3
2;19;5;2128;28;4;0;1;3;1;2
3;19;4;2129;31;4;1;0;2;4;1
2;11;4;2130;37;5;0;0;4;5;4
2;18;0;2131;21;4;0;1;4;3;2
3;22;4;2132;19;3;1;0;5;4;3
3;14;5;2133;23;4;1;0;3;1;3
1;19;6;2134;36;5;1;0;5;3;4
3;16;2;2135;20;3;0;0;4;4;4
3;21;4;2136;33;5;1;0;4;2;3
3;21;2;2137;31;4;0;1;6;5;1
3;17;2;2138;21;4;0;1;1;4;3
3;24;2;2139;8;1;0;0;5;1;4
3;23;5;2140;32;4;0;0;3;2;2
3;20;5;2141;23;4;1;1;4;2;4
1;24;5;2142;27;4;0;1;3;4;1
2;10;2;2143;31;4;1;0;4;4;3
4;19;4;2144;19;3;1;1;5;1;4
2;18;1;2145;12;2;0;1;3;3;3
3;8;1;2146;22;4;1;0;4;5;3
5;15;3;2147;31;4;1;0;1;6;2
4;17;3;2148;30;4;1;1;2;4;3
1;7;5;2149;36;5;0;0;3;4;1
5;24;4;2150;29;4;1;1;1;3;3
2;16;3;2151;21;4;1;0;5;4;4
2;18;2;2152;24;4;0;1;4;2;3
2;22;2;2153;19;3;1;1;6;1;4
3;19;4;2154;16;3;0;0;5;3;3
4;28;2;2155;18;3;0;0;4;2;4
4;20;1;2156;15;2;1;0;5;4;4
4;19;2;2157;23;4;0;0;4;3;4
3;17;5;2158;31;4;1;0;5;5;4
2;10;0;2159;33;5;0;0;4;5;4
1;20;3;2160;27;4;0;1;6;3;3
3;22;3;2161;23;4;1;1;3;1;3
2;11;0;2162;24;4;0;0;5;4;4
3;19;1;2163;26;4;0;0;2;2;2
4;18;1;2164;21;4;0;1;3;4;3
2;18;2;2165;15;2;0;1;5;1;4
3;12;3;2166;41;6;1;0;1;5;4
3;11;0;2167;17;3;0;0;3;4;2
4;11;0;2168;29;4;1;0;4;5;3
3;15;6;2169;26;4;1;0;6;5;3
2;19;3;2170;22;4;0;0;5;4;1
4;21;2;2171;18;3;1;1;5;2;4
2;12;3;2172;31;4;1;1;4;5;1
3;13;2;2173;38;5;1;0;4;5;3
3;11;0;2174;21;4;0;0;2;3;3
4;21;1;2175;18;3;1;1;5;1;4
4;17;4;2176;23;4;1;0;5;4;4
4;17;2;2177;26;4;0;0;4;5;4
3;24;4;2178;28;4;0;0;5;4;4
2;18;1;2179;32;4;0;1;3;2;1
4;16;6;2180;31;4;1;1;3;5;2
4;16;1;2181;11;2;0;1;3;3;4
5;12;5;2182;27;4;1;0;3;6;2
3;14;2;2183;23;4;0;0;4;6;3
3;19;3;2184;33;5;1;0;3;2;2
4;18;2;2185;25;4;0;0;3;2;4
2;26;2;2186;19;3;0;1;6;1;3
2;17;1;2187;11;2;1;1;6;1;4
4;11;0;2188;17;3;0;1;2;5;2
4;14;2;2189;14;2;1;0;5;4;4
3;24;8;2190;37;5;1;0;3;4;1
3;17;6;2191;38;5;1;0;3;5;1
3;19;4;2192;23;4;0;1;4;5;2
1;20;3;2193;32;5;0;1;4;2;1
3;17;0;2194;30;4;0;1;4;2;4
3;17;2;2195;29;4;1;1;4;3;3
2;17;2;2196;25;4;0;0;4;5;3
3;19;3;2197;20;4;0;0;4;5;4
3;12;4;2198;26;4;1;1;2;5;1
2;30;5;2199;17;3;0;1;6;4;4
2;22;2;2200;15;2;0;1;4;2;3
3;21;3;2201;20;3;0;1;4;3;2
3;23;4;2202;17;3;0;0;6;3;4
2;18;4;2203;28;4;1;0;5;3;3
2;16;4;2204;22;4;0;0;4;1;4
3;19;4;2205;26;4;0;0;5;3;3
2;19;3;2206;25;4;0;1;3;1;4
3;9;3;2207;22;4;1;1;2;5;3
2;14;3;2208;20;4;0;0;5;2;3
3;25;4;2209;27;4;1;0;5;4;4
4;13;0;2210;21;4;0;1;3;5;1
3;8;0;2211;30;4;1;0;6;5;3
2;8;0;2212;31;4;1;0;3;5;1
2;11;1;2213;32;4;0;0;6;5;4
3;13;3;2214;30;4;1;0;5;3;4
2;13;6;2215;34;5;1;0;5;5;4
3;21;6;2216;24;4;1;0;4;5;4
4;18;2;2217;22;4;1;0;4;3;4
3;8;1;2218;26;4;0;0;2;5;1
4;17;4;2219;24;4;1;1;5;4;4
4;19;4;2220;25;4;0;1;2;3;4
3;19;5;2221;25;4;0;0;5;4;3
2;16;3;2222;26;4;0;1;5;2;3
3;12;0;2223;23;4;0;0;5;4;4
3;13;5;2224;28;4;1;0;5;5;4
3;23;2;2225;24;4;0;0;4;4;3
5;17;3;2226;24;4;0;0;3;6;4
5;23;2;2227;9;2;1;1;4;2;4
3;23;1;2228;13;2;1;1;4;4;2
2;19;5;2229;29;4;0;1;4;3;4
4;18;0;2230;26;4;1;0;6;4;2
2;17;3;2231;12;2;0;0;6;4;4
4;15;2;2232;22;4;0;0;4;3;4
1;17;4;2233;29;4;1;0;5;3;2
2;21;5;2234;12;2;0;0;6;4;3
3;17;3;2235;24;4;1;0;4;1;4
4;19;3;2236;30;4;1;1;1;4;3
3;23;2;2237;25;4;1;0;4;3;3
3;15;1;2238;17;3;0;1;4;4;4
2;27;6;2239;30;4;0;0;4;1;4
3;15;0;2240;16;3;1;1;3;4;4
4;14;1;2241;32;4;0;1;3;1;3
3;21;4;2242;31;4;1;0;4;4;3
3;20;5;2243;28;4;1;1;4;2;4
3;22;6;2244;38;5;1;0;5;4;3
4;22;2;2245;23;4;1;0;5;5;4
2;16;4;2246;29;4;1;0;4;3;3
3;13;1;2247;21;4;1;0;4;4;4
2;13;2;2248;21;4;0;0;6;4;4
3;31;5;2249;18;3;0;0;6;1;3
2;16;3;2250;26;4;0;0;6;5;2
4;23;4;2251;12;2;0;1;5;1;3
3;28;4;2252;7;1;0;0;6;3;4
5;18;4;2253;21;4;1;0;4;4;4
3;13;6;2254;31;4;1;0;5;4;4
4;26;3;2255;30;4;0;1;2;2;2
2;24;6;2256;33;5;0;0;6;3;2
4;18;7;2257;26;4;1;0;3;3;2
2;6;3;2258;37;5;1;0;1;6;1
3;23;0;2259;12;2;0;1;4;2;2
2;11;2;2260;43;6;1;0;2;3;2
4;11;3;2261;27;4;1;0;1;5;4
3;9;2;2262;31;4;1;0;2;5;2
3;11;4;2263;26;4;1;1;2;6;2
1;19;5;2264;24;4;1;0;6;3;4
5;13;4;2265;20;4;1;0;1;6;4
3;16;2;2266;29;4;1;0;3;3;3
3;17;0;2267;20;4;0;1;3;1;3
4;17;3;2268;20;4;0;0;3;5;3
2;21;7;2269;37;5;1;0;3;3;2
2;16;6;2270;31;4;0;0;2;5;2
5;17;3;2271;20;3;1;0;1;4;3
1;17;3;2272;22;4;0;0;2;3;3
3;14;1;2273;22;4;0;0;1;5;1
4;16;4;2274;24;4;1;0;3;4;4
3;19;1;2275;23;4;0;0;6;2;4
2;15;3;2276;12;2;0;1;3;5;3
2;14;3;2277;38;5;1;0;4;6;2
2;14;3;2278;27;4;1;0;5;5;3
3;26;5;2279;25;4;0;1;3;1;3
2;17;3;2280;20;3;0;0;2;5;2
3;23;3;2281;18;3;0;0;6;1;4
3;16;6;2282;24;4;1;0;4;5;3
3;17;4;2283;29;4;1;0;2;3;2
2;17;0;2284;18;3;0;0;6;2;4
3;12;4;2285;37;5;1;0;3;6;3
2;17;6;2286;33;5;1;0;4;6;3
2;20;9;2287;38;5;1;0;4;3;3
3;15;0;2288;13;2;0;0;5;2;4
4;22;1;2289;23;4;0;0;4;2;3
4;26;3;2290;27;4;1;1;4;1;3
3;9;2;2291;28;4;1;0;4;6;2
3;23;1;2292;20;4;1;0;5;3;3
5;10;2;2293;23;4;1;1;2;6;3
3;19;3;2294;29;4;1;0;5;6;3
4;28;6;2295;36;5;1;0;6;3;3
3;8;0;2296;24;4;0;0;3;5;4
3;14;2;2297;23;4;1;0;5;1;4
3;13;3;2298;25;4;1;0;3;5;3
2;19;6;2299;29;4;1;0;4;2;2
3;22;2;2300;33;5;1;0;4;4;4
4;14;4;2301;14;2;1;1;3;4;4
3;23;5;2302;35;5;1;0;3;3;3
3;10;2;2303;25;4;1;0;3;5;2
4;18;3;2304;18;3;1;1;4;5;4
4;16;3;2305;24;4;1;0;4;5;4
3;7;0;2306;16;3;0;0;4;2;3
4;12;0;2307;17;3;1;1;3;5;4
3;19;4;2308;25;4;0;1;3;4;2
3;11;2;2309;28;4;1;1;3;6;2
3;16;7;2310;19;3;1;0;5;4;4
3;14;0;2311;20;3;1;0;5;3;4
2;15;4;2312;25;4;1;0;4;6;4
4;21;3;2313;30;4;1;0;3;5;3
4;30;4;2314;32;4;1;0;6;1;2
2;9;3;2315;24;4;1;0;6;6;3
2;21;0;2316;21;4;0;0;3;3;4
2;19;5;2317;16;3;1;1;4;3;4
3;20;4;2318;16;3;0;1;5;1;4
3;19;4;2319;19;3;1;0;5;3;3
4;10;5;2320;30;4;1;0;4;6;1
5;18;0;2321;8;1;1;1;6;5;4
5;14;1;2322;26;4;0;1;2;5;2
3;26;3;2323;12;2;0;0;5;4;3
4;18;4;2324;20;4;1;1;4;2;4
3;22;5;2325;20;4;1;1;4;3;4
2;15;0;2326;26;4;0;0;6;1;4
3;13;0;2327;24;4;0;0;1;4;2
4;25;4;2328;28;4;1;0;6;2;3
4;23;0;2329;6;1;0;1;6;5;4
3;19;1;2330;17;3;0;0;4;4;4
2;16;0;2331;25;4;0;0;4;1;4
4;19;1;2332;13;2;1;0;5;3;4
3;22;2;2333;20;4;0;1;4;3;4
3;15;0;2334;26;4;1;0;5;3;3
3;14;1;2335;19;3;1;0;5;3;4
0;19;9;2336;27;4;1;0;5;2;3
4;12;4;2337;27;4;1;0;5;4;4
2;17;6;2338;31;4;0;0;5;4;3
4;16;3;2339;30;4;1;1;3;5;2
2;17;4;2340;27;4;0;0;5;1;3
3;18;2;2341;24;4;0;0;4;4;4
4;19;4;2342;17;3;1;1;2;3;4
4;13;1;2343;17;3;1;0;4;4;4
2;21;2;2344;23;4;0;1;3;4;4
4;14;1;2345;19;3;1;0;3;4;3
3;17;0;2346;20;4;0;0;3;5;3
2;18;0;2347;22;4;0;0;5;4;1
3;10;1;2348;24;4;1;0;4;5;2
2;17;7;2349;35;5;1;0;3;4;3
3;18;4;2350;33;5;1;1;4;4;3
2;20;4;2351;14;2;0;1;5;1;4
4;18;2;2352;13;2;0;1;3;3;4
4;17;3;2353;21;4;1;0;4;4;4
2;13;4;2354;34;5;1;1;3;4;3
2;21;2;2355;25;4;0;0;4;3;1
2;13;3;2356;26;4;0;1;4;3;4
2;16;3;2357;34;5;1;1;1;2;1
2;13;3;2358;30;4;0;1;3;6;1
2;18;0;2359;25;4;0;0;5;3;3
3;16;1;2360;29;4;0;1;4;3;1
2;13;5;2361;24;4;1;0;4;5;4
3;19;0;2362;22;4;0;1;4;4;3
3;23;4;2363;20;4;0;0;5;4;3
2;16;3;2364;26;4;0;0;6;2;3
3;13;0;2365;25;4;0;1;4;5;3
2;17;1;2366;31;4;0;1;1;3;1
2;19;5;2367;25;4;0;0;4;1;4
3;15;0;2368;26;4;0;1;2;2;3
5;12;0;2369;23;4;1;0;3;5;3
2;12;4;2370;31;4;1;0;1;5;1
3;24;2;2371;22;4;0;1;5;2;2
5;12;3;2372;24;4;1;0;5;5;4
4;7;1;2373;33;5;1;0;2;6;3
3;17;3;2374;19;3;1;0;4;1;4
3;19;3;2375;19;3;0;0;5;4;4
3;16;5;2376;26;4;1;0;3;4;4
3;11;3;2377;33;5;1;0;6;6;4
3;31;5;2378;15;2;0;1;5;1;4
2;9;4;2379;25;4;1;0;4;4;2
4;18;3;2380;16;3;1;0;4;4;4
4;20;4;2381;25;4;1;0;6;5;4
3;22;3;2382;24;4;1;0;6;3;4
5;21;3;2383;23;4;1;1;4;6;3
4;17;4;2384;21;4;0;0;2;4;4
4;13;1;2385;27;4;1;0;4;5;3
2;24;3;2386;11;2;0;0;5;1;4
4;19;3;2387;24;4;1;0;4;4;4
2;14;1;2388;27;4;0;1;2;1;2
3;22;5;2389;36;5;1;0;3;4;2
4;21;4;2390;24;4;1;1;4;4;3
2;13;4;2391;29;4;0;0;4;4;2
2;18;7;2392;26;4;0;0;2;3;3
2;7;1;2393;21;4;0;0;5;4;4
3;19;3;2394;25;4;1;0;6;5;4
1;27;8;2395;29;4;0;1;5;1;4
4;19;5;2396;27;4;1;0;3;5;3
2;17;3;2397;29;4;0;0;3;4;2
3;18;3;2398;6;1;0;0;5;3;4
3;21;3;2399;15;2;1;0;6;3;4
5;11;3;2400;28;4;1;0;4;6;3
3;24;7;2401;34;5;0;0;5;3;2
2;22;2;2402;22;4;0;0;4;1;1
2;14;1;2403;23;4;1;1;4;3;3
2;17;0;2404;26;4;0;1;3;1;4
5;23;1;2405;23;4;0;1;3;5;2
2;18;4;2406;21;4;1;0;5;2;4
1;23;4;2407;18;3;1;0;5;2;4
3;24;4;2408;12;2;0;0;4;4;4
2;22;4;2409;28;4;0;0;4;1;4
4;17;3;2410;23;4;1;0;4;3;4
3;15;4;2411;35;5;0;0;5;5;4
3;18;3;2412;25;4;1;0;4;1;4
2;21;3;2413;16;3;0;1;5;2;4
4;19;3;2414;16;3;0;1;5;5;4
2;21;2;2415;22;4;0;1;5;2;2
2;14;2;2416;7;1;0;0;4;2;4
3;15;5;2417;21;4;1;0;5;4;4
4;25;2;2418;24;4;0;1;5;2;3
3;19;4;2419;27;4;1;0;5;4;3
4;18;3;2420;26;4;1;0;4;4;4
3;23;5;2421;17;3;1;0;5;5;3
2;18;3;2422;26;4;0;0;4;4;2
4;16;3;2423;28;4;0;1;3;5;1
2;8;4;2424;29;4;1;0;2;4;1
4;14;4;2425;25;4;1;1;4;3;3
4;15;1;2426;30;4;1;0;3;4;4
2;13;6;2427;31;4;1;1;3;4;2
0;12;3;2428;32;4;0;0;2;1;4
2;20;6;2429;20;4;1;0;4;2;3
3;19;3;2430;26;4;1;0;5;4;4
2;16;5;2431;37;5;1;0;4;5;3
2;12;5;2432;20;4;1;0;1;4;4
3;13;4;2433;35;5;1;0;1;4;1
3;21;4;2434;24;4;1;0;4;4;1
3;14;3;2435;23;4;1;0;5;4;4
3;17;6;2436;27;4;0;0;3;3;3
3;11;2;2437;18;3;0;0;5;5;4
5;14;4;2438;27;4;1;0;5;6;4
4;18;0;2439;27;4;0;1;2;1;4
2;16;2;2440;21;4;1;1;5;1;4
4;19;3;2441;21;4;1;1;5;3;4
4;19;1;2442;16;3;1;1;3;5;3
1;20;7;2443;26;4;1;0;4;1;4
4;18;5;2444;23;4;1;1;3;5;2
1;19;7;2445;33;5;1;0;4;3;2
3;11;5;2446;31;4;1;0;3;5;2
4;16;3;2447;25;4;1;0;5;4;2
3;20;2;2448;20;4;0;1;4;4;3
1;20;6;2449;29;4;0;0;2;1;2
2;18;2;2450;30;4;0;0;5;3;2
3;19;1;2451;18;3;0;1;5;4;3
4;24;5;2452;28;4;1;1;5;2;3
1;22;3;2453;14;2;0;1;4;3;3
4;20;4;2454;19;3;1;1;3;4;4
3;12;2;2455;27;4;1;1;5;4;3
4;18;6;2456;23;4;1;1;3;6;3
3;21;3;2457;18;3;1;0;4;2;3
2;19;5;2458;33;5;1;0;4;3;3
2;18;5;2459;31;4;1;0;4;4;2
2;18;2;2460;28;4;0;1;1;5;1
3;17;3;2461;30;4;1;0;2;4;2
5;21;3;2462;38;5;0;0;3;6;3
3;19;4;2463;21;4;0;1;3;2;4
4;17;7;2464;35;5;1;0;3;4;3
2;17;4;2465;17;3;0;0;3;1;4
4;13;3;2466;26;4;1;1;3;4;3
2;19;3;2467;24;4;1;0;3;1;3
3;13;5;2468;30;4;1;0;4;5;2
4;17;2;2469;16;3;1;0;5;2;4
3;24;1;2470;19;3;0;1;3;1;3
3;21;4;2471;27;4;1;0;4;2;3
3;16;5;2472;40;5;1;0;2;4;1
3;14;2;2473;21;4;0;1;3;4;4
2;16;3;2474;32;4;0;1;2;5;1
4;21;1;2475;19;3;0;1;6;4;4
4;23;2;2476;27;4;1;1;3;1;3
3;15;2;2477;26;4;0;0;3;3;2
3;6;5;2478;32;4;1;1;3;5;3
3;26;4;2479;20;3;0;1;5;3;4
1;21;5;2480;27;4;0;1;3;2;3
1;12;4;2481;26;4;1;1;3;3;3
3;23;4;2482;27;4;1;1;4;4;3
4;17;5;2483;25;4;1;0;5;5;4
1;17;6;2484;29;4;1;0;2;4;2
3;13;2;2485;23;4;1;0;5;2;1
4;18;4;2486;17;3;1;1;6;3;4
3;13;3;2487;25;4;0;0;4;6;1
4;18;3;2488;27;4;1;0;5;5;4
4;8;0;2489;23;4;1;0;2;5;3
2;22;7;2490;28;4;1;0;6;2;4
4;24;3;2491;0;1;0;1;4;4;4
2;13;0;2492;18;3;0;1;3;2;4
3;11;2;2493;32;4;1;1;1;4;2
2;15;2;2494;19;3;0;0;5;4;2
4;15;4;2495;24;4;1;0;1;5;3
4;18;2;2496;31;4;1;0;4;4;4
4;24;6;2497;26;4;1;0;4;3;4
3;19;4;2498;24;4;1;0;6;4;4
3;28;3;2499;31;4;0;0;4;3;3
2;14;5;2500;20;4;0;0;5;3;4
3;14;4;2501;38;5;1;0;4;6;3
4;15;4;2502;30;4;1;1;2;5;1
5;14;1;2503;22;4;1;0;3;5;2
2;23;7;2504;20;4;0;0;5;1;4
2;14;1;2505;13;2;0;0;6;3;4
3;17;6;2506;20;4;1;1;4;1;4
2;18;6;2507;25;4;0;0;5;2;4
4;21;3;2508;26;4;1;1;4;4;3
4;17;4;2509;28;4;1;0;4;3;3
2;21;4;2510;29;4;0;1;3;1;1
4;21;2;2511;22;4;1;0;5;3;4
3;11;3;2512;27;4;1;1;2;5;4
3;18;6;2513;32;4;1;1;4;6;1
3;11;2;2514;20;4;0;1;5;6;4
3;7;2;2515;29;4;1;0;3;4;3
3;10;0;2516;19;3;1;0;4;4;3
3;14;4;2517;32;4;1;1;4;5;4
2;16;3;2518;20;3;0;1;4;3;3
6;17;1;2519;24;4;1;1;5;6;2
4;17;1;2520;33;5;0;0;4;3;3
2;14;3;2521;25;4;0;1;3;6;1
3;19;2;2522;22;4;0;1;5;4;2
3;18;2;2523;27;4;0;0;3;5;1
5;23;3;2524;18;3;1;0;5;4;3
3;13;1;2525;22;4;0;0;3;4;4
5;15;2;2526;25;4;0;1;2;5;2
2;16;1;2527;19;3;0;1;5;3;3
4;21;3;2528;13;2;1;1;5;4;4
3;8;3;2529;25;4;1;0;5;6;4
2;22;3;2530;23;4;0;1;3;2;2
4;13;1;2531;25;4;1;1;3;5;4
4;10;0;2532;26;4;0;1;1;6;3
3;12;3;2533;39;5;1;0;2;5;3
3;17;4;2534;22;4;0;0;4;4;4
2;17;7;2535;32;5;1;0;4;4;3
4;19;5;2536;22;4;1;0;5;5;3
3;7;0;2537;27;4;0;0;4;6;4
4;16;2;2538;25;4;0;1;4;5;4
4;17;4;2539;11;2;1;0;5;5;4
4;14;6;2540;27;4;1;0;4;3;4
2;11;5;2541;33;5;1;0;2;5;4
2;23;6;2542;16;3;0;0;6;3;4
3;22;4;2543;17;3;1;0;4;2;4
4;14;5;2544;24;4;1;0;4;3;4
4;23;7;2545;26;4;0;0;4;5;4
1;8;1;2546;34;5;0;0;3;3;1
3;22;2;2547;20;4;0;1;1;2;4
3;21;2;2548;26;4;0;0;6;6;4
4;22;4;2549;29;4;1;1;3;4;2
4;12;0;2550;20;4;0;1;5;4;4
3;18;3;2551;25;4;1;1;4;1;4
1;11;4;2552;34;5;1;1;3;2;3
2;16;1;2553;22;4;1;0;5;2;4
4;15;0;2554;21;4;1;1;2;3;4
3;26;1;2555;21;4;0;1;4;1;1
3;13;0;2556;28;4;0;1;1;5;2
2;12;8;2557;39;5;1;0;4;6;3
3;19;8;2558;27;4;1;1;3;4;4
4;23;1;2559;19;3;0;0;4;4;4
3;16;4;2560;23;4;0;0;4;4;3
2;12;4;2561;17;3;1;0;5;4;4
5;20;1;2562;20;4;0;1;2;5;1
1;18;4;2563;30;4;0;0;6;2;1
4;17;3;2564;32;4;1;0;4;4;3
2;21;2;2565;20;4;0;0;5;3;4
3;18;0;2566;17;3;0;0;3;2;4
2;20;4;2567;37;5;0;0;3;5;2
4;20;4;2568;26;4;0;0;4;2;3
3;18;3;2569;22;4;1;1;4;1;4
2;17;4;2570;24;4;1;0;6;4;3
3;13;3;2571;26;4;0;0;3;3;4
5;9;1;2572;34;5;1;0;2;5;4
2;25;5;2573;16;3;1;0;6;2;4
3;16;2;2574;27;4;0;0;3;3;3
4;24;2;2575;18;3;0;1;3;2;4
2;20;2;2576;23;4;0;0;4;2;3
3;16;0;2577;17;3;0;0;5;3;3
2;21;3;2578;33;5;0;0;5;3;3
2;17;3;2579;31;4;0;0;5;4;3
2;12;0;2580;19;3;0;1;3;3;4
3;17;5;2581;19;3;1;0;4;5;4
2;24;0;2582;21;4;0;1;4;1;1
3;19;3;2583;21;4;1;0;6;5;4
2;11;4;2584;27;4;1;0;4;4;4
3;14;1;2585;35;5;1;0;2;4;3
7;21;0;2586;18;3;1;1;4;5;3
3;18;7;2587;25;4;0;0;5;5;3
3;16;5;2588;24;4;1;0;4;5;4
2;15;3;2589;37;5;1;1;3;5;1
1;17;2;2590;13;2;0;0;6;1;4
4;12;3;2591;25;4;1;0;4;4;4
4;23;2;2592;24;4;0;0;5;3;4
2;13;3;2593;21;4;0;1;4;5;4
5;19;1;2594;16;3;1;1;5;2;4
3;12;3;2595;29;4;1;0;5;4;4
4;16;2;2596;30;4;1;0;1;4;2
4;18;3;2597;32;4;1;1;2;5;3
2;11;5;2598;36;5;1;0;4;4;3
5;19;3;2599;31;4;1;1;4;5;3
1;18;6;2600;30;4;0;1;4;1;3
4;11;4;2601;42;6;1;0;3;4;3
4;23;3;2602;22;4;1;0;3;3;4
2;18;5;2603;40;5;1;0;3;3;3
3;13;1;2604;30;4;1;0;4;5;3
2;18;2;2605;29;4;0;1;3;1;3
3;26;7;2606;27;4;0;1;4;3;2
4;15;2;2607;32;5;0;0;4;6;2
4;19;3;2608;25;4;1;1;6;5;4
3;23;5;2609;29;4;1;0;4;2;2
5;16;2;2610;19;3;1;1;5;5;4
2;30;0;2611;22;4;0;0;5;1;4
3;23;3;2612;24;4;0;1;4;5;1
3;26;6;2613;23;4;0;0;5;4;3
4;19;2;2614;19;3;0;1;4;4;2
3;13;4;2615;38;5;1;0;4;4;2
6;27;4;2616;19;3;1;1;5;4;4
3;13;1;2617;14;2;0;1;5;3;4
4;22;2;2618;9;2;0;1;4;4;2
4;15;2;2619;26;4;1;0;4;4;3
2;18;4;2620;30;4;1;0;4;2;4
2;14;1;2621;19;3;0;0;5;4;4
3;16;4;2622;29;4;1;0;5;5;2
4;26;6;2623;33;5;1;0;4;3;4
3;16;5;2624;26;4;1;0;4;4;4
3;19;4;2625;28;4;1;0;3;3;2
1;24;4;2626;16;3;0;1;4;1;4
3;11;1;2627;39;5;1;0;1;4;2
3;17;4;2628;33;5;1;0;3;4;3
2;26;6;2629;31;4;1;0;5;2;3
3;14;2;2630;15;2;0;0;5;3;4
4;18;2;2631;14;2;0;0;5;4;4
3;16;5;2632;32;4;1;0;3;2;3
3;19;5;2633;20;4;1;0;5;3;4
3;22;2;2634;33;5;0;0;4;3;1
4;15;3;2635;48;6;1;1;1;4;1
4;18;0;2636;19;3;0;0;4;5;3
3;21;3;2637;28;4;0;0;2;3;4
3;19;6;2638;31;4;0;0;6;3;4
1;17;4;2639;33;5;1;0;6;4;2
2;21;5;2640;27;4;1;0;5;1;4
3;15;4;2641;33;5;1;1;4;4;3
2;22;4;2642;24;4;0;0;4;1;4
3;26;6;2643;23;4;1;0;6;4;4
4;22;6;2644;28;4;1;1;5;4;1
3;16;1;2645;19;3;1;1;3;2;3
4;23;1;2646;11;2;0;0;6;3;4
4;18;3;2647;22;4;1;1;4;3;4
3;24;2;2648;14;2;0;1;4;1;3
3;19;1;2649;24;4;1;1;3;2;3
4;12;4;2650;24;4;1;0;2;4;4
4;19;3;2651;27;4;1;1;3;6;3
3;19;5;2652;45;6;0;0;2;6;1
2;9;0;2653;30;4;0;0;4;4;2
3;9;3;2654;16;3;1;0;4;4;4
4;11;2;2655;19;3;0;1;4;6;3
3;9;0;2656;20;4;1;1;5;4;4
3;18;3;2657;23;4;0;1;3;5;1
3;13;2;2658;33;5;1;0;5;3;3
3;10;2;2659;27;4;1;1;4;5;2
4;19;1;2660;30;4;0;0;3;4;1
5;15;4;2661;44;6;1;1;3;6;1
2;16;6;2662;31;4;1;0;5;4;4
4;17;2;2663;20;3;0;0;3;3;4
2;14;4;2664;28;4;0;0;5;4;4
2;16;5;2665;16;3;1;1;4;3;3
3;16;3;2666;33;5;1;0;2;5;1
3;26;2;2667;10;2;0;1;6;1;4
4;21;2;2668;15;2;1;1;4;3;4
2;19;3;2669;31;4;0;1;4;4;4
3;21;4;2670;26;4;1;0;4;1;3
2;19;6;2671;27;4;1;0;4;5;3
4;18;3;2672;35;5;1;0;1;4;1
2;18;5;2673;21;4;1;0;6;2;4
4;21;0;2674;23;4;0;1;4;4;3
3;20;0;2675;32;5;0;0;4;6;3
3;14;3;2676;30;4;1;0;6;3;4
1;16;6;2677;32;5;1;0;4;3;3
1;18;8;2678;31;4;1;0;4;3;4
2;11;4;2679;34;5;1;0;4;5;3
2;21;5;2680;26;4;1;1;5;5;4
5;14;1;2681;34;5;1;0;1;4;1
2;12;4;2682;27;4;1;0;3;3;1
2;19;4;2683;30;4;0;0;4;3;4
2;19;3;2684;19;3;1;1;1;3;1
3;20;3;2685;23;4;0;0;4;6;4
3;18;3;2686;29;4;1;0;3;5;1
4;15;1;2687;18;3;0;1;4;3;3
4;17;2;2688;27;4;0;0;5;5;4
3;22;5;2689;24;4;0;0;4;5;1
3;18;6;2690;27;4;1;1;4;5;4
3;10;0;2691;18;3;0;1;2;4;4
2;20;2;2692;26;4;0;0;5;3;4
3;19;3;2693;25;4;0;0;4;5;3
2;28;3;2694;15;2;0;1;4;1;4
2;11;4;2695;27;4;1;0;6;3;4
2;12;6;2696;30;4;1;0;5;4;4
4;18;4;2697;27;4;1;0;4;5;4
3;12;3;2698;25;4;1;0;4;5;3
4;16;3;2699;30;4;1;0;6;5;3
2;14;0;2700;30;4;0;1;3;3;4
4;14;0;2701;25;4;0;0;2;5;2
4;26;2;2702;26;4;0;0;4;4;4
2;17;6;2703;22;4;0;0;5;5;3
4;21;1;2704;16;3;1;0;6;5;3
3;19;5;2705;29;4;1;0;6;4;2
3;16;4;2706;13;2;0;1;5;2;3
4;12;1;2707;29;4;1;0;3;4;2
3;18;5;2708;30;4;1;0;3;4;2
3;13;1;2709;22;4;1;1;2;4;3
2;14;1;2710;25;4;0;0;4;4;3
3;14;2;2711;28;4;0;0;3;4;3
3;19;4;2712;30;4;1;1;2;2;2
4;18;0;2713;28;4;0;1;2;3;4
3;16;1;2714;36;5;0;1;2;4;1
5;8;0;2715;23;4;1;0;3;6;3
4;18;3;2716;28;4;1;1;4;4;2
3;23;3;2717;22;4;0;1;3;3;3
2;19;4;2718;21;4;1;1;6;4;4
3;13;1;2719;19;3;1;0;6;6;2
4;23;3;2720;22;4;1;0;3;4;2
4;21;4;2721;22;4;0;0;2;5;2
4;18;1;2722;27;4;0;1;4;3;4
4;16;2;2723;21;4;1;1;5;2;4
1;16;6;2724;29;4;1;0;6;1;3
2;17;5;2725;25;4;0;0;6;5;4
3;18;1;2726;14;2;0;0;4;3;4
3;8;2;2727;34;5;1;0;1;5;3
3;11;0;2728;23;4;0;0;3;2;4
5;16;0;2729;9;2;0;1;4;5;3
2;16;3;2730;27;4;0;0;5;4;4
3;18;3;2731;35;5;1;0;4;5;3
5;22;2;2732;22;4;0;0;5;2;4
2;17;4;2733;37;5;1;0;4;5;4
4;20;4;2734;28;4;1;0;5;3;4
3;9;1;2735;24;4;1;0;6;3;4
4;17;3;2736;24;4;1;0;4;5;2
3;24;5;2737;33;5;1;0;3;4;1
2;12;4;2738;25;4;1;0;4;3;4
5;18;7;2739;23;4;1;1;4;3;4
3;17;3;2740;22;4;1;0;6;2;2
2;15;3;2741;28;4;1;1;5;3;2
4;18;2;2742;13;2;0;1;3;5;4
2;13;4;2743;34;5;1;0;2;1;3
1;13;3;2744;29;4;0;1;3;4;3
1;23;2;2745;7;1;0;1;5;1;3
5;27;6;2746;25;4;1;0;5;4;3
5;9;2;2747;15;2;1;0;4;6;4
3;19;7;2748;30;4;1;0;5;4;4
2;23;4;2749;23;4;0;0;5;5;4
3;21;4;2750;30;4;1;0;3;1;4
3;19;2;2751;15;2;0;1;3;4;2
3;11;4;2752;32;4;1;0;3;6;2
4;17;1;2753;12;2;1;0;5;3;4
3;16;3;2754;26;4;1;0;5;5;4
2;19;4;2755;22;4;0;1;1;1;3
5;16;5;2756;28;4;1;0;2;6;3
5;13;0;2757;26;4;1;0;5;5;4
3;13;1;2758;21;4;1;0;5;4;4
3;22;2;2759;14;2;0;1;5;2;4
3;8;2;2760;35;5;1;0;2;5;2
3;21;6;2761;33;5;1;1;4;3;2
3;19;3;2762;23;4;1;0;5;3;4
3;18;4;2763;39;5;1;0;3;6;1
3;23;4;2764;25;4;0;1;4;4;4
3;26;6;2765;21;4;1;1;6;2;4
4;17;6;2766;27;4;1;1;3;4;3
4;12;1;2767;30;4;1;0;2;5;3
2;13;4;2768;27;4;1;0;2;5;3
2;23;6;2769;31;4;0;0;3;2;2
3;13;3;2770;39;5;1;0;4;6;1
3;22;0;2771;19;3;0;0;6;2;4
2;16;4;2772;37;5;0;0;2;4;1
3;11;4;2773;21;4;1;0;4;5;4
3;21;4;2774;25;4;0;0;4;1;4
4;20;2;2775;18;3;0;1;4;5;3
3;19;4;2776;22;4;0;1;2;5;2
3;5;0;2777;25;4;0;0;4;4;4
3;11;0;2778;27;4;0;0;1;2;2
3;14;1;2779;33;5;1;1;3;4;3
4;18;3;2780;28;4;1;0;4;4;4
3;12;2;2781;26;4;1;0;3;5;4
3;24;2;2782;17;3;0;1;5;3;3
3;22;4;2783;22;4;1;0;3;4;2
3;9;5;2784;33;5;1;0;3;5;2
5;11;1;2785;30;4;0;0;1;5;1
3;12;1;2786;13;2;0;0;6;4;4
3;28;5;2787;29;4;0;0;4;2;1
2;9;2;2788;28;4;0;0;4;5;2
3;17;5;2789;23;4;1;1;4;3;4
1;24;5;2790;30;4;0;0;6;3;1
1;13;5;2791;25;4;1;0;4;3;2
3;10;4;2792;39;5;1;0;2;5;4
5;21;5;2793;21;4;1;0;6;5;4
3;14;6;2794;37;5;1;0;1;4;1
2;16;2;2795;21;4;1;0;5;5;3
5;19;0;2796;25;4;1;0;5;5;4
1;14;1;2797;33;5;0;0;4;3;2
2;23;6;2798;37;5;1;0;5;2;3
2;17;4;2799;32;4;1;0;6;5;3
3;23;6;2800;28;4;1;0;4;3;3
2;17;7;2801;26;4;1;0;6;5;4
3;12;0;2802;17;3;0;1;3;5;4
2;19;1;2803;27;4;0;0;5;1;2
2;24;5;2804;39;5;0;1;4;2;1
3;9;2;2805;32;5;1;0;4;6;2
2;20;5;2806;25;4;1;1;5;2;2
3;16;2;2807;32;4;1;0;4;4;3
5;16;1;2808;17;3;0;1;3;5;4
4;12;3;2809;17;3;1;0;6;5;4
1;17;6;2810;20;3;0;0;6;3;4
2;26;7;2811;21;4;0;1;3;3;1
2;18;4;2812;33;5;1;0;5;5;3
4;14;2;2813;27;4;1;0;3;6;2
5;12;1;2814;25;4;1;0;3;6;4
3;18;4;2815;29;4;1;1;4;4;1
4;19;6;2816;30;4;1;0;6;5;4
3;18;5;2817;38;5;1;0;3;1;3
3;18;5;2818;29;4;1;0;5;4;3
3;20;3;2819;16;3;0;1;5;3;4
3;16;4;2820;25;4;0;0;4;5;3
3;13;2;2821;31;4;0;0;3;5;4
4;23;2;2822;18;3;1;0;5;4;4
6;11;0;2823;21;4;1;1;4;6;4
2;16;2;2824;22;4;1;0;4;3;3
3;16;5;2825;23;4;1;0;5;4;3
6;17;1;2826;31;4;1;0;3;6;2
4;15;3;2827;23;4;1;1;1;6;2
2;16;7;2828;18;3;1;0;5;3;4
1;10;7;2829;42;6;1;0;1;4;1
2;22;7;2830;31;4;1;0;5;1;4
3;19;4;2831;26;4;1;0;6;4;4
4;16;1;2832;24;4;1;1;3;2;4
4;19;5;2833;28;4;1;0;4;5;4
2;16;3;2834;19;3;1;1;5;1;4
4;21;3;2835;25;4;0;0;5;5;4
1;16;2;2836;13;2;0;0;6;1;4
3;24;6;2837;27;4;1;0;5;5;2
3;13;0;2838;23;4;0;0;2;2;4
4;16;2;2839;25;4;0;0;4;5;2
2;15;2;2840;34;5;0;0;3;4;2
3;8;1;2841;21;4;1;0;3;5;3
3;15;3;2842;24;4;1;1;5;5;3
2;21;3;2843;24;4;1;0;5;1;3
4;15;1;2844;20;4;0;1;2;3;4
4;11;3;2845;38;5;1;1;2;5;3
2;14;1;2846;17;3;0;0;3;2;3
3;20;2;2847;27;4;0;0;5;4;4
3;15;1;2848;12;2;1;1;6;5;4
3;16;6;2849;31;4;1;0;3;3;3
3;21;0;2850;8;1;0;0;6;3;3
2;11;1;2851;22;4;0;0;2;3;2
2;23;1;2852;17;3;0;0;6;1;4
3;26;5;2853;24;4;1;0;4;1;4
3;24;1;2854;30;4;0;1;4;1;3
2;26;6;2855;27;4;0;0;5;4;4
2;17;3;2856;25;4;0;1;4;2;3
3;21;5;2857;19;3;1;0;5;3;4
4;9;1;2858;20;4;1;0;3;4;4
1;12;2;2859;21;4;0;1;1;1;3
4;21;4;2860;43;6;0;0;5;5;3
5;21;2;2861;22;4;0;0;4;2;4
2;8;1;2862;24;4;1;0;4;3;3
3;13;5;2863;30;4;1;0;6;6;4
4;19;4;2864;15;2;1;1;5;5;4
4;13;3;2865;41;6;0;0;1;4;1
3;12;5;2866;33;5;1;1;1;6;3
3;19;3;2867;31;4;0;1;5;3;3
3;12;0;2868;23;4;1;0;3;5;4
4;7;1;2869;38;5;1;0;1;5;1
4;27;5;2870;25;4;1;1;5;3;4
2;17;7;2871;31;4;1;0;5;4;3
1;14;1;2872;28;4;0;1;4;1;1
4;17;1;2873;22;4;0;0;3;6;2
3;18;5;2874;35;5;1;0;4;4;2
4;15;3;2875;27;4;1;1;3;5;3
1;15;4;2876;27;4;1;0;6;4;4
2;21;7;2877;19;3;1;0;4;1;4
3;19;3;2878;24;4;0;0;3;5;1
4;14;3;2879;28;4;1;0;3;3;2
3;14;3;2880;29;4;1;1;4;6;2
3;17;4;2881;32;4;1;0;4;2;4
5;18;3;2882;32;4;1;0;3;4;4
3;23;2;2883;26;4;0;0;4;2;3
2;9;4;2884;34;5;1;0;3;5;3
2;22;3;2885;32;4;0;0;4;2;3
3;15;2;2886;24;4;1;0;1;5;3
3;18;2;2887;17;3;0;0;3;1;4
2;4;4;2888;23;4;1;0;4;5;3
3;18;5;2889;26;4;1;0;4;4;4
3;12;5;2890;27;4;1;0;4;5;3
2;16;2;2891;23;4;0;1;4;4;2
1;18;6;2892;34;5;1;0;5;1;4
4;20;2;2893;22;4;0;0;5;5;2
5;20;4;2894;9;2;1;1;4;5;4
3;18;6;2895;25;4;1;1;4;4;3
3;15;1;2896;28;4;0;0;2;4;4
4;4;0;2897;31;4;1;0;1;5;3
2;20;6;2898;30;4;1;0;6;3;4
2;14;2;2899;27;4;0;0;6;1;2
4;23;2;2900;30;4;0;0;5;5;3
4;22;1;2901;23;4;0;1;1;4;1
1;27;5;2902;26;4;0;0;5;1;4
1;25;6;2903;34;5;1;1;4;1;4
5;14;0;2904;29;4;1;1;3;3;4
3;19;2;2905;19;3;0;0;6;4;3
3;12;5;2906;33;5;1;0;3;6;3
2;20;1;2907;16;3;0;0;4;1;4
3;16;1;2908;25;4;0;0;4;3;3
3;24;5;2909;19;3;1;0;5;2;4
3;21;0;2910;20;3;0;0;4;4;4
2;19;3;2911;29;4;1;0;4;3;4
4;23;5;2912;25;4;1;1;3;1;4
3;16;2;2913;22;4;0;1;3;3;4
5;13;1;2914;22;4;1;1;4;5;4
3;12;0;2915;21;4;0;1;5;4;4
4;16;1;2916;22;4;0;1;3;5;3
4;18;4;2917;31;4;1;0;4;6;3
2;22;4;2918;28;4;0;1;3;4;3
3;23;3;2919;29;4;0;0;5;2;4
3;15;5;2920;30;4;1;0;6;5;4
3;14;3;2921;27;4;1;1;4;5;3
3;17;3;2922;33;5;1;1;2;4;4
3;20;1;2923;23;4;1;0;4;4;2
3;22;3;2924;13;2;0;1;5;5;4
5;13;0;2925;27;4;1;0;3;6;4
2;18;3;2926;28;4;1;1;4;3;2
3;14;4;2927;30;4;1;0;3;5;2
3;24;6;2928;39;5;1;0;5;3;2
2;19;8;2929;33;5;1;0;5;5;3
3;22;5;2930;32;4;1;1;2;3;2
2;11;1;2931;33;5;0;0;3;4;3
2;8;5;2932;38;5;1;0;5;3;4
2;20;8;2933;24;4;0;0;6;3;4
1;12;9;2934;39;5;1;0;2;3;2
3;17;4;2935;22;4;1;1;4;3;4
3;20;4;2936;29;4;1;0;5;4;3
4;14;2;2937;16;3;1;1;4;4;4
4;17;2;2938;27;4;1;0;3;3;3
4;9;2;2939;32;5;1;0;1;5;2
5;18;2;2940;33;5;1;0;3;6;4
5;21;0;2941;24;4;0;1;4;5;3
3;3;2;2942;34;5;1;0;4;6;2
2;18;2;2943;17;3;0;0;4;1;4
2;20;2;2944;10;2;0;1;3;4;3
3;22;4;2945;22;4;0;0;5;4;3
3;21;6;2946;31;4;1;0;5;1;4
4;8;3;2947;21;4;0;0;2;6;4
4;15;5;2948;28;4;1;0;4;5;1
1;12;5;2949;41;6;1;0;4;1;4
4;16;1;2950;26;4;1;1;4;1;3
4;18;1;2951;32;5;0;0;5;5;3
3;6;0;2952;31;4;1;0;3;5;3
2;16;6;2953;24;4;1;0;4;3;2
2;16;5;2954;14;2;1;1;3;4;4
2;22;3;2955;19;3;0;0;6;1;4
3;16;2;2956;20;4;1;1;5;4;4
3;16;1;2957;32;4;0;0;3;5;2
4;20;3;2958;22;4;0;0;4;4;4
2;19;4;2959;23;4;0;0;5;2;4
2;22;3;2960;23;4;0;0;3;1;2
4;12;4;2961;29;4;1;0;4;6;2
